,alias,categories,coordinates.latitude,coordinates.longitude,display_phone,distance,id,image_url,is_closed,location.address1,location.address2,location.address3,location.city,location.country,location.display_address,location.state,location.zip_code,name,phone,price,rating,review_count,transactions,url
0,bogota-latin-bistro-brooklyn,"[{'alias': 'gluten_free', 'title': 'Gluten-Free'}, {'alias': 'colombian', 'title': 'Colombian'}]",40.678165,-73.978976,(718) 230-3805,3296.8358139717166,96svxj2NIOrba2fBMZAqOQ,https://s3-media3.fl.yelpcdn.com/bphoto/FgXUCxKbJiHYEWvNvhhZsA/o.jpg,False,141 5th Ave,,,Brooklyn,US,"['141 5th Ave', 'Brooklyn, NY 11217']",NY,11217,Bogota Latin Bistro,+17182303805,$$,4.0,1884,"['delivery', 'pickup']",https://www.yelp.com/biz/bogota-latin-bistro-brooklyn?adjust_creative=Uu3HbS4pg129T9EGGOQ4HQ&utm_campaign=yelp_api_v3&utm_medium=api_v3_business_search&utm_source=Uu3HbS4pg129T9EGGOQ4HQ
1,colombia-in-park-slope-brooklyn,"[{'alias': 'colombian', 'title': 'Colombian'}]",40.671313,-73.984893,(718) 369-2020,3877.791934805869,JpUmsVDjA0zjygYcoskq2Q,https://s3-media4.fl.yelpcdn.com/bphoto/En8te_NvVwb56Z_kb1Pkrg/o.jpg,False,376 5th Ave,,,Brooklyn,US,"['376 5th Ave', 'Brooklyn, NY 11215']",NY,11215,Colombia In Park Slope,+17183692020,$$,4.0,299,"['delivery', 'pickup']",https://www.yelp.com/biz/colombia-in-park-slope-brooklyn?adjust_creative=Uu3HbS4pg129T9EGGOQ4HQ&utm_campaign=yelp_api_v3&utm_medium=api_v3_business_search&utm_source=Uu3HbS4pg129T9EGGOQ4HQ
2,mis-tierras-colombianas-woodside,"[{'alias': 'colombian', 'title': 'Colombian'}]",40.7445602,-73.9102936,(718) 672-7272,8308.658480596148,3TEfUtiwfTNfjJreZzOFQQ,https://s3-media2.fl.yelpcdn.com/bphoto/SKOhi5j1f0w7YXucWbHQYw/o.jpg,False,54-08 Roosevelt Ave,,,Woodside,US,"['54-08 Roosevelt Ave', 'Woodside, NY 11377']",NY,11377,Mis Tierras Colombianas,+17186727272,$$,4.0,52,"['delivery', 'pickup']",https://www.yelp.com/biz/mis-tierras-colombianas-woodside?adjust_creative=Uu3HbS4pg129T9EGGOQ4HQ&utm_campaign=yelp_api_v3&utm_medium=api_v3_business_search&utm_source=Uu3HbS4pg129T9EGGOQ4HQ
3,la-masa-bronx-2,"[{'alias': 'colombian', 'title': 'Colombian'}, {'alias': 'empanadas', 'title': 'Empanadas'}]",40.8480737080242,-73.8560921276473,(718) 822-8400,19670.941972065106,By2Zl1imtu0SpA4IBziN1g,https://s3-media2.fl.yelpcdn.com/bphoto/u3DdTIBy91nzWA4KdVanvg/o.jpg,False,1000 Morris Park Ave,,,Bronx,US,"['1000 Morris Park Ave', 'Bronx, NY 10462']",NY,10462,La Masa,+17188228400,$$,4.0,314,"['delivery', 'pickup', 'restaurant_reservation']",https://www.yelp.com/biz/la-masa-bronx-2?adjust_creative=Uu3HbS4pg129T9EGGOQ4HQ&utm_campaign=yelp_api_v3&utm_medium=api_v3_business_search&utm_source=Uu3HbS4pg129T9EGGOQ4HQ
4,dulce-vida-latin-bistro-new-york-2,"[{'alias': 'breakfast_brunch', 'title': 'Breakfast & Brunch'}, {'alias': 'colombian', 'title': 'Colombian'}]",40.77704,-73.95721,(212) 535-2424,8565.835689709358,AC6vUyOGt8WliqswigZlzQ,https://s3-media3.fl.yelpcdn.com/bphoto/MupyB92PtX3g_ZUftals2Q/o.jpg,False,1219 Lexington Ave,,,New York,US,"['1219 Lexington Ave', 'New York, NY 10028']",NY,10028,Dulce Vida Latin Bistro,+12125352424,$$,3.5,222,"['restaurant_reservation', 'delivery', 'pickup']",https://www.yelp.com/biz/dulce-vida-latin-bistro-new-york-2?adjust_creative=Uu3HbS4pg129T9EGGOQ4HQ&utm_campaign=yelp_api_v3&utm_medium=api_v3_business_search&utm_source=Uu3HbS4pg129T9EGGOQ4HQ
5,empanada-mama-l-e-s-new-york,"[{'alias': 'colombian', 'title': 'Colombian'}, {'alias': 'empanadas', 'title': 'Empanadas'}]",40.7187563142312,-73.990894515892,(212) 673-0300,1507.6289320306546,Uut2fBy53XdIgx1rLWdQeg,https://s3-media1.fl.yelpcdn.com/bphoto/hahKxQklqS8YcllUsA9LLw/o.jpg,False,95 Allen St,,,New York,US,"['95 Allen St', 'New York, NY 10002']",NY,10002,Empanada Mama L.E.S,+12126730300,$,3.5,453,"['delivery', 'pickup']",https://www.yelp.com/biz/empanada-mama-l-e-s-new-york?adjust_creative=Uu3HbS4pg129T9EGGOQ4HQ&utm_campaign=yelp_api_v3&utm_medium=api_v3_business_search&utm_source=Uu3HbS4pg129T9EGGOQ4HQ
6,los-arrieros-restaurant-jackson-heights,"[{'alias': 'colombian', 'title': 'Colombian'}]",40.7470692,-73.8894232,(718) 898-3359,9975.812349127706,1N8TkUwsq__Y55DtuJyWMg,https://s3-media3.fl.yelpcdn.com/bphoto/FbKDSmO3QN3PED50Szuo3g/o.jpg,False,7602 Roosevelt Ave,,,Jackson Heights,US,"['7602 Roosevelt Ave', 'Jackson Heights, NY 11372']",NY,11372,Los Arrieros Restaurant,+17188983359,$$,4.5,41,[],https://www.yelp.com/biz/los-arrieros-restaurant-jackson-heights?adjust_creative=Uu3HbS4pg129T9EGGOQ4HQ&utm_campaign=yelp_api_v3&utm_medium=api_v3_business_search&utm_source=Uu3HbS4pg129T9EGGOQ4HQ
7,j-and-c-delicias-jackson-heights,"[{'alias': 'colombian', 'title': 'Colombian'}]",40.7477198441491,-73.886788964046,(718) 803-0284,10206.056107731094,mOUsnTTJQb8ByBxIo51CeQ,https://s3-media2.fl.yelpcdn.com/bphoto/_YpJipcKHn_wt_-v68WgGA/o.jpg,False,37-61 79th St,,,Jackson Heights,US,"['37-61 79th St', 'Jackson Heights, NY 11372']",NY,11372,J&C Delicias,+17188030284,$$,4.5,23,"['delivery', 'pickup']",https://www.yelp.com/biz/j-and-c-delicias-jackson-heights?adjust_creative=Uu3HbS4pg129T9EGGOQ4HQ&utm_campaign=yelp_api_v3&utm_medium=api_v3_business_search&utm_source=Uu3HbS4pg129T9EGGOQ4HQ
8,la-boina-roja-steak-house-jackson-heights,"[{'alias': 'steak', 'title': 'Steakhouses'}, {'alias': 'colombian', 'title': 'Colombian'}]",40.7494411,-73.8858457,(718) 424-6711,10395.265509007195,8knc30wyUEQzwdqG0C8m4Q,https://s3-media2.fl.yelpcdn.com/bphoto/HhRfggwir-3T_lUYua1GzQ/o.jpg,False,8022 37th Ave,,,Jackson Heights,US,"['8022 37th Ave', 'Jackson Heights, NY 11372']",NY,11372,La Boina Roja Steak House,+17184246711,$$,4.0,145,['delivery'],https://www.yelp.com/biz/la-boina-roja-steak-house-jackson-heights?adjust_creative=Uu3HbS4pg129T9EGGOQ4HQ&utm_campaign=yelp_api_v3&utm_medium=api_v3_business_search&utm_source=Uu3HbS4pg129T9EGGOQ4HQ
9,el-gustazo-flushing,"[{'alias': 'colombian', 'title': 'Colombian'}, {'alias': 'empanadas', 'title': 'Empanadas'}, {'alias': 'mexican', 'title': 'Mexican'}]",40.7540265349067,-73.8326920290833,(718) 661-1080,14649.380194572672,v9v72t3Q37HaaFPNu7_vxA,https://s3-media3.fl.yelpcdn.com/bphoto/mn8Eh1uc33i77SOU9EHI8g/o.jpg,False,4219 College Point Blvd,,,Flushing,US,"['4219 College Point Blvd', 'Flushing, NY 11355']",NY,11355,El Gustazo,+17186611080,$,4.5,43,[],https://www.yelp.com/biz/el-gustazo-flushing?adjust_creative=Uu3HbS4pg129T9EGGOQ4HQ&utm_campaign=yelp_api_v3&utm_medium=api_v3_business_search&utm_source=Uu3HbS4pg129T9EGGOQ4HQ
10,prontito-elmhurst,"[{'alias': 'juicebars', 'title': 'Juice Bars & Smoothies'}, {'alias': 'burgers', 'title': 'Burgers'}, {'alias': 'colombian', 'title': 'Colombian'}]",40.7476582878045,-73.880471996963,(347) 556-4950,10678.351594028574,-4pMakL1204UWQMZho5-Lw,https://s3-media2.fl.yelpcdn.com/bphoto/Hp5smqJ1ZquxQ1Ek8CgM5w/o.jpg,False,40 25 Forley St,,,Elmhurst,US,"['40 25 Forley St', 'Elmhurst, NY 11373']",NY,11373,Prontito,+13475564950,$,4.5,55,[],https://www.yelp.com/biz/prontito-elmhurst?adjust_creative=Uu3HbS4pg129T9EGGOQ4HQ&utm_campaign=yelp_api_v3&utm_medium=api_v3_business_search&utm_source=Uu3HbS4pg129T9EGGOQ4HQ
11,pollos-a-la-brasa-mario-jackson-heights,"[{'alias': 'colombian', 'title': 'Colombian'}]",40.747753,-73.884751,(718) 639-5555,10361.821457086016,vzAZ0wX0eY4EDh4CSly3Dg,https://s3-media2.fl.yelpcdn.com/bphoto/HjXtVbNukO5T83VBqvSn8g/o.jpg,False,8101 Roosevelt Ave,,,Jackson Heights,US,"['8101 Roosevelt Ave', 'Jackson Heights, NY 11372']",NY,11372,Pollos A La Brasa Mario,+17186395555,$$,3.5,175,[],https://www.yelp.com/biz/pollos-a-la-brasa-mario-jackson-heights?adjust_creative=Uu3HbS4pg129T9EGGOQ4HQ&utm_campaign=yelp_api_v3&utm_medium=api_v3_business_search&utm_source=Uu3HbS4pg129T9EGGOQ4HQ
12,tierras-colombianas-long-island-city,"[{'alias': 'colombian', 'title': 'Colombian'}]",40.7613253,-73.9235077,(718) 956-3012,8612.868150258217,R3TzbkLUj1dgO1vFk-O0_Q,https://s3-media1.fl.yelpcdn.com/bphoto/8CTCqhUIKJw8MDYUVUMiuQ/o.jpg,False,3301 Broadway,,,Long Island City,US,"['3301 Broadway', 'Long Island City, NY 11106']",NY,11106,Tierras Colombianas,+17189563012,$$,3.5,196,[],https://www.yelp.com/biz/tierras-colombianas-long-island-city?adjust_creative=Uu3HbS4pg129T9EGGOQ4HQ&utm_campaign=yelp_api_v3&utm_medium=api_v3_business_search&utm_source=Uu3HbS4pg129T9EGGOQ4HQ
13,parceros-bakery-rego-park,"[{'alias': 'bakeries', 'title': 'Bakeries'}, {'alias': 'colombian', 'title': 'Colombian'}]",40.7230342943081,-73.8683484122157,(718) 424-8444,10793.634607564769,ZZkWHvDoDK_vXLTf7FmdYA,https://s3-media2.fl.yelpcdn.com/bphoto/03ImWaed7PkvNMDBbHNADQ/o.jpg,False,63-54 Woodhaven Blvd,,,Rego Park,US,"['63-54 Woodhaven Blvd', 'Rego Park, NY 11374']",NY,11374,Parceros Bakery,+17184248444,$,4.5,52,"['delivery', 'pickup']",https://www.yelp.com/biz/parceros-bakery-rego-park?adjust_creative=Uu3HbS4pg129T9EGGOQ4HQ&utm_campaign=yelp_api_v3&utm_medium=api_v3_business_search&utm_source=Uu3HbS4pg129T9EGGOQ4HQ
14,cumbia-and-sabor-sunnyside,"[{'alias': 'colombian', 'title': 'Colombian'}, {'alias': 'lounges', 'title': 'Lounges'}, {'alias': 'breakfast_brunch', 'title': 'Breakfast & Brunch'}]",40.7417439,-73.9196869,(917) 832-6758,7480.832779686264,b60Rbo31Qvvbar_mYTym3g,https://s3-media2.fl.yelpcdn.com/bphoto/KZc_5x0WZLXfFEKeJEm0vg/o.jpg,False,45-06 Greenpoint Ave,,,Sunnyside,US,"['45-06 Greenpoint Ave', 'Sunnyside, NY 11104']",NY,11104,Cumbia and Sabor,+19178326758,$$,4.0,56,"['delivery', 'pickup']",https://www.yelp.com/biz/cumbia-and-sabor-sunnyside?adjust_creative=Uu3HbS4pg129T9EGGOQ4HQ&utm_campaign=yelp_api_v3&utm_medium=api_v3_business_search&utm_source=Uu3HbS4pg129T9EGGOQ4HQ
16,sandros-latin-food-astoria,"[{'alias': 'colombian', 'title': 'Colombian'}, {'alias': 'sandwiches', 'title': 'Sandwiches'}, {'alias': 'burgers', 'title': 'Burgers'}]",40.776038,-73.9149907,(718) 606-2323,10319.005855071324,oURfEfjMAhS7KXGfTpyecQ,https://s3-media1.fl.yelpcdn.com/bphoto/MOnavDxfiTq9e5BxpY4GQA/o.jpg,False,2703 23rd Ave,,,Astoria,US,"['2703 23rd Ave', 'Astoria, NY 11105']",NY,11105,Sandro's Latin Food,+17186062323,$$,4.0,122,"['delivery', 'pickup']",https://www.yelp.com/biz/sandros-latin-food-astoria?adjust_creative=Uu3HbS4pg129T9EGGOQ4HQ&utm_campaign=yelp_api_v3&utm_medium=api_v3_business_search&utm_source=Uu3HbS4pg129T9EGGOQ4HQ
17,pollos-a-la-brasa-mario-astoria,"[{'alias': 'chickenshop', 'title': 'Chicken Shop'}, {'alias': 'colombian', 'title': 'Colombian'}]",40.7587006674888,-73.9183375201239,(718) 932-2424,8719.38461528231,yJbUy3tzkL46BtrH0Ff0Tw,https://s3-media2.fl.yelpcdn.com/bphoto/qsg_4E5Q-22kUTIHbjRfsg/o.jpg,False,4019 Broadway,,,Astoria,US,"['4019 Broadway', 'Astoria, NY 11103']",NY,11103,Pollos A La Brasa Mario,+17189322424,$$,3.5,199,"['delivery', 'pickup']",https://www.yelp.com/biz/pollos-a-la-brasa-mario-astoria?adjust_creative=Uu3HbS4pg129T9EGGOQ4HQ&utm_campaign=yelp_api_v3&utm_medium=api_v3_business_search&utm_source=Uu3HbS4pg129T9EGGOQ4HQ
18,arepalicious-ozone-park-3,"[{'alias': 'colombian', 'title': 'Colombian'}, {'alias': 'gourmet', 'title': 'Specialty Food'}]",40.6710546,-73.8431916,(718) 480-6049,13275.365589717057,lRSa3dFw_3ItdcE2032hnA,https://s3-media3.fl.yelpcdn.com/bphoto/jGb60t12cZ2hFy0P4WRDUQ/o.jpg,False,137-20 Crossbay Blvd,,,Ozone park,US,"['137-20 Crossbay Blvd', 'Ozone park, NY 11417']",NY,11417,Arepalicious,+17184806049,$,4.0,30,"['delivery', 'pickup']",https://www.yelp.com/biz/arepalicious-ozone-park-3?adjust_creative=Uu3HbS4pg129T9EGGOQ4HQ&utm_campaign=yelp_api_v3&utm_medium=api_v3_business_search&utm_source=Uu3HbS4pg129T9EGGOQ4HQ
19,parador-caleno-woodside,"[{'alias': 'colombian', 'title': 'Colombian'}]",40.7413045,-73.9192567,(718) 937-6700,7454.091429847834,NN-4XlmsdcAoi_ol9_PhSQ,https://s3-media1.fl.yelpcdn.com/bphoto/U8aCSBxsxZFMftemmjCeTw/o.jpg,False,45-07 47th Ave,,,Woodside,US,"['45-07 47th Ave', 'Woodside, NY 11377']",NY,11377,Parador Caleno,+17189376700,$$,4.5,7,[],https://www.yelp.com/biz/parador-caleno-woodside?adjust_creative=Uu3HbS4pg129T9EGGOQ4HQ&utm_campaign=yelp_api_v3&utm_medium=api_v3_business_search&utm_source=Uu3HbS4pg129T9EGGOQ4HQ
20,la-maria-queens,"[{'alias': 'colombian', 'title': 'Colombian'}]",40.7734195531789,-73.7960236519575,(718) 224-0332,18334.797394808218,EWbFQrtJ-XoZcR6crJlIAA,https://s3-media3.fl.yelpcdn.com/bphoto/UQ00YYLQDrep2gWA01Y-LQ/o.jpg,False,25-71 Francis Lewis Blvd,,,Queens,US,"['25-71 Francis Lewis Blvd', 'Queens, NY 11358']",NY,11358,La Maria,+17182240332,,4.0,13,"['delivery', 'pickup']",https://www.yelp.com/biz/la-maria-queens?adjust_creative=Uu3HbS4pg129T9EGGOQ4HQ&utm_campaign=yelp_api_v3&utm_medium=api_v3_business_search&utm_source=Uu3HbS4pg129T9EGGOQ4HQ
21,tienda-vieja-colombian-restaurant-flushing,"[{'alias': 'colombian', 'title': 'Colombian'}]",40.7347121090944,-73.7947360830813,(718) 321-3644,17129.68902978454,4l9sOeK-0V5V1fBwpw-b6w,https://s3-media2.fl.yelpcdn.com/bphoto/kFb6UL04PcxKtJhxbGkpKQ/o.jpg,False,6562 Fresh Meadows Ln,,,Flushing,US,"['6562 Fresh Meadows Ln', 'Flushing, NY 11365']",NY,11365,Tienda Vieja Colombian Restaurant,+17183213644,$$,3.0,143,[],https://www.yelp.com/biz/tienda-vieja-colombian-restaurant-flushing?adjust_creative=Uu3HbS4pg129T9EGGOQ4HQ&utm_campaign=yelp_api_v3&utm_medium=api_v3_business_search&utm_source=Uu3HbS4pg129T9EGGOQ4HQ
22,el-montanero-bakery-and-restaurant-ridgewood,"[{'alias': 'bakeries', 'title': 'Bakeries'}, {'alias': 'colombian', 'title': 'Colombian'}]",40.70011,-73.9077499,(718) 366-0400,7318.578135960918,cH7ndQI4U-xB2xHmFFrYsQ,https://s3-media1.fl.yelpcdn.com/bphoto/v56QJAr0OMvyYCKNlDH7gw/o.jpg,False,5521 Myrtle Ave,,,RIdgewood,US,"['5521 Myrtle Ave', 'RIdgewood, NY 11385']",NY,11385,El Montanero Bakery & Restaurant,+17183660400,$$,3.5,43,"['delivery', 'pickup']",https://www.yelp.com/biz/el-montanero-bakery-and-restaurant-ridgewood?adjust_creative=Uu3HbS4pg129T9EGGOQ4HQ&utm_campaign=yelp_api_v3&utm_medium=api_v3_business_search&utm_source=Uu3HbS4pg129T9EGGOQ4HQ
23,tajadas-bakery-and-restaurant-woodhaven-2,"[{'alias': 'bakeries', 'title': 'Bakeries'}, {'alias': 'colombian', 'title': 'Colombian'}, {'alias': 'seafood', 'title': 'Seafood'}]",40.6946417,-73.8485057,(718) 846-0101,12348.53262836042,4HC1p2KhAeY8RNrldp8TVw,https://s3-media3.fl.yelpcdn.com/bphoto/-id9lmAC-S96zmQ60fTsuQ/o.jpg,False,97-05 Jamaica Ave,,,Woodhaven,US,"['97-05 Jamaica Ave', 'Woodhaven, NY 11421']",NY,11421,Tajadas Bakery & Restaurant,+17188460101,$,3.5,25,"['delivery', 'pickup', 'restaurant_reservation']",https://www.yelp.com/biz/tajadas-bakery-and-restaurant-woodhaven-2?adjust_creative=Uu3HbS4pg129T9EGGOQ4HQ&utm_campaign=yelp_api_v3&utm_medium=api_v3_business_search&utm_source=Uu3HbS4pg129T9EGGOQ4HQ
24,la-pequeña-colombia-jackson-heights-2,"[{'alias': 'colombian', 'title': 'Colombian'}]",40.7479462,-73.8823776,(718) 478-8700,10561.71398686829,lMfR0Djk4UIVMS7PB0_bqQ,https://s3-media4.fl.yelpcdn.com/bphoto/7tOoAPXzYzC8Oym_sOwKJw/o.jpg,False,83-27 Roosevelt Ave,,,Jackson Heights,US,"['83-27 Roosevelt Ave', 'Jackson Heights, NY 11372']",NY,11372,La Pequeña Colombia,+17184788700,$$,3.5,179,[],https://www.yelp.com/biz/la-peque%C3%B1a-colombia-jackson-heights-2?adjust_creative=Uu3HbS4pg129T9EGGOQ4HQ&utm_campaign=yelp_api_v3&utm_medium=api_v3_business_search&utm_source=Uu3HbS4pg129T9EGGOQ4HQ
25,la-hoguera-paisa-sunnyside,"[{'alias': 'colombian', 'title': 'Colombian'}, {'alias': 'bakeries', 'title': 'Bakeries'}]",40.7434502,-73.9237442,(718) 392-9903,7300.597049864713,JUP-LPfEl0roybngtY-4lg,https://s3-media2.fl.yelpcdn.com/bphoto/_a1v3I0bJ7fI6SNf8IbrTg/o.jpg,False,40-12 Queens Blvd,,,Sunnyside,US,"['40-12 Queens Blvd', 'Sunnyside, NY 11104']",NY,11104,La Hoguera Paisa,+17183929903,$$,4.0,35,"['pickup', 'delivery']",https://www.yelp.com/biz/la-hoguera-paisa-sunnyside?adjust_creative=Uu3HbS4pg129T9EGGOQ4HQ&utm_campaign=yelp_api_v3&utm_medium=api_v3_business_search&utm_source=Uu3HbS4pg129T9EGGOQ4HQ
26,pollos-a-la-brasa-mr-mario-college-point,"[{'alias': 'colombian', 'title': 'Colombian'}, {'alias': 'seafood', 'title': 'Seafood'}]",40.783029,-73.845977,(718) 961-7398,15183.714570536811,_e0L96XNnsOhvoQI2uZ2yQ,https://s3-media4.fl.yelpcdn.com/bphoto/a5QwTgU9B0ySIUurr0bPow/o.jpg,False,18-04 College Point Blvd,,,College Point,US,"['18-04 College Point Blvd', 'College Point, NY 11356']",NY,11356,Pollos a La Brasa Mr Mario,+17189617398,$$,3.5,85,"['delivery', 'pickup']",https://www.yelp.com/biz/pollos-a-la-brasa-mr-mario-college-point?adjust_creative=Uu3HbS4pg129T9EGGOQ4HQ&utm_campaign=yelp_api_v3&utm_medium=api_v3_business_search&utm_source=Uu3HbS4pg129T9EGGOQ4HQ
27,noches-de-colombia-secaucus,"[{'alias': 'colombian', 'title': 'Colombian'}]",40.7907591853292,-74.0581170469522,(551) 257-7188,10904.154794672437,v4y5LHllg-8_YJoInaORHw,https://s3-media4.fl.yelpcdn.com/bphoto/VvWvd-uCmFrWaa1DNkZBoA/o.jpg,False,1309 Paterson Plank Rd,,,Secaucus,US,"['1309 Paterson Plank Rd', 'Secaucus, NJ 07094']",NJ,07094,Noches De Colombia,+15512577188,$$,3.0,75,"['delivery', 'pickup']",https://www.yelp.com/biz/noches-de-colombia-secaucus?adjust_creative=Uu3HbS4pg129T9EGGOQ4HQ&utm_campaign=yelp_api_v3&utm_medium=api_v3_business_search&utm_source=Uu3HbS4pg129T9EGGOQ4HQ
29,pariscien-bakery-brooklyn,"[{'alias': 'bakeries', 'title': 'Bakeries'}, {'alias': 'colombian', 'title': 'Colombian'}]",40.64693,-74.0116,(718) 492-1485,6655.001496932659,Kmm2bZnN1QdqTT-8-je3HA,https://s3-media2.fl.yelpcdn.com/bphoto/YQTpzlqaH06TTC6l-6ZQbw/o.jpg,False,4823 4th Ave,,,Brooklyn,US,"['4823 4th Ave', 'Brooklyn, NY 11220']",NY,11220,Pariscien Bakery,+17184921485,$,3.5,14,[],https://www.yelp.com/biz/pariscien-bakery-brooklyn?adjust_creative=Uu3HbS4pg129T9EGGOQ4HQ&utm_campaign=yelp_api_v3&utm_medium=api_v3_business_search&utm_source=Uu3HbS4pg129T9EGGOQ4HQ
31,noches-de-colombia-jersey-city,"[{'alias': 'colombian', 'title': 'Colombian'}, {'alias': 'breakfast_brunch', 'title': 'Breakfast & Brunch'}]",40.7429211088243,-74.0515814462259,(201) 222-2617,6377.439161196145,fKp-Oo-0B9dzvyU6M5dqeg,https://s3-media3.fl.yelpcdn.com/bphoto/OU50YmLrlB6sOKHxBaefVw/o.jpg,False,233 Central Ave,,,Jersey City,US,"['233 Central Ave', 'Jersey City, NJ 07307']",NJ,07307,Noches De Colombia,+12012222617,$$,3.0,66,[],https://www.yelp.com/biz/noches-de-colombia-jersey-city?adjust_creative=Uu3HbS4pg129T9EGGOQ4HQ&utm_campaign=yelp_api_v3&utm_medium=api_v3_business_search&utm_source=Uu3HbS4pg129T9EGGOQ4HQ
34,parceros-chicken-latin-cuisine-queens,"[{'alias': 'colombian', 'title': 'Colombian'}]",40.6851374809242,-73.8463056832552,(718) 323-2228,12679.01425635505,Jw6uT8CgWq3V_R0C2niKVQ,https://s3-media4.fl.yelpcdn.com/bphoto/KHAvUNeGttHd5gsopBCIhA/o.jpg,False,94-9 101st Ave,,,Queens,US,"['94-9 101st Ave', 'Queens, NY 11416']",NY,11416,"Parceros, Chicken Latin Cuisine",+17183232228,,4.0,1,[],https://www.yelp.com/biz/parceros-chicken-latin-cuisine-queens?adjust_creative=Uu3HbS4pg129T9EGGOQ4HQ&utm_campaign=yelp_api_v3&utm_medium=api_v3_business_search&utm_source=Uu3HbS4pg129T9EGGOQ4HQ
35,para-ti-colombia-con-sabor-jamaica,"[{'alias': 'colombian', 'title': 'Colombian'}]",40.7120813946899,-73.7893348390487,(718) 298-6096,17309.025074978475,IJG5kUHB0u4sE4_QcIJu1g,https://s3-media3.fl.yelpcdn.com/bphoto/RGRLzplPQQT8DAPVBEX0gg/o.jpg,False,172-35 Hillside Ave,,,Jamaica,US,"['172-35 Hillside Ave', 'Jamaica, NY 11432']",NY,11432,Para Ti Colombia Con Sabor,+17182986096,$$,3.5,56,"['delivery', 'pickup']",https://www.yelp.com/biz/para-ti-colombia-con-sabor-jamaica?adjust_creative=Uu3HbS4pg129T9EGGOQ4HQ&utm_campaign=yelp_api_v3&utm_medium=api_v3_business_search&utm_source=Uu3HbS4pg129T9EGGOQ4HQ
36,el-rancho-colombiano-union-city,"[{'alias': 'colombian', 'title': 'Colombian'}]",40.77318,-74.02866,(201) 766-1570,8073.244848163629,L3FHg9JUo8j4nufA80C6tA,https://s3-media2.fl.yelpcdn.com/bphoto/wk4rrs23Gx6b5BkoC_Ki_Q/o.jpg,False,3401 Bergenline Ave,,,Union City,US,"['3401 Bergenline Ave', 'Union City, NJ 07087']",NJ,07087,El Rancho Colombiano,+12017661570,$$,4.0,39,['delivery'],https://www.yelp.com/biz/el-rancho-colombiano-union-city?adjust_creative=Uu3HbS4pg129T9EGGOQ4HQ&utm_campaign=yelp_api_v3&utm_medium=api_v3_business_search&utm_source=Uu3HbS4pg129T9EGGOQ4HQ
37,sabor-restaurant-and-bakery-new-york,"[{'alias': 'bakeries', 'title': 'Bakeries'}, {'alias': 'colombian', 'title': 'Colombian'}, {'alias': 'dominican', 'title': 'Dominican'}]",40.7836162,-73.8458542,(347) 368-4407,15229.355529430917,jmgeN5Bt4TGlfyWe1Fz4ew,https://s3-media1.fl.yelpcdn.com/bphoto/uHRVV3BXoa9LBeDIVTgZNw/o.jpg,False,15-20 College Point Blvd,,,New York,US,"['15-20 College Point Blvd', 'New York, NY 11356']",NY,11356,Sabor Restaurant & Bakery,+13473684407,$,3.5,11,"['pickup', 'delivery']",https://www.yelp.com/biz/sabor-restaurant-and-bakery-new-york?adjust_creative=Uu3HbS4pg129T9EGGOQ4HQ&utm_campaign=yelp_api_v3&utm_medium=api_v3_business_search&utm_source=Uu3HbS4pg129T9EGGOQ4HQ
38,delicias-caleñas-astoria-queens,"[{'alias': 'empanadas', 'title': 'Empanadas'}, {'alias': 'bakeries', 'title': 'Bakeries'}, {'alias': 'colombian', 'title': 'Colombian'}]",40.7744815605376,-73.912807593198,(718) 433-9565,10298.516323703661,dXqRGDXJO9e8h_xLj5c_ww,https://s3-media2.fl.yelpcdn.com/bphoto/e48YYikIC-s5BSwSfdk0Xg/o.jpg,False,22-55 31st St,,,Queens,US,"['22-55 31st St', 'Queens, NY 11105']",NY,11105,Delicias Caleñas Astoria,+17184339565,$,4.0,10,"['delivery', 'pickup']",https://www.yelp.com/biz/delicias-cale%C3%B1as-astoria-queens?adjust_creative=Uu3HbS4pg129T9EGGOQ4HQ&utm_campaign=yelp_api_v3&utm_medium=api_v3_business_search&utm_source=Uu3HbS4pg129T9EGGOQ4HQ
39,ricos-chicken-colombian-restaurant-flushing,"[{'alias': 'colombian', 'title': 'Colombian'}]",40.75469,-73.81665,(718) 886-1491,15936.531531254775,M5daMKMGkWpt8pB8XPI1xg,https://s3-media3.fl.yelpcdn.com/bphoto/dinIKtiK7urkRI29BJx4nw/o.jpg,False,146-04 45th Ave,,,Flushing,US,"['146-04 45th Ave', 'Flushing, NY 11355']",NY,11355,Rico's Chicken Colombian Restaurant,+17188861491,$$,3.5,43,"['delivery', 'pickup']",https://www.yelp.com/biz/ricos-chicken-colombian-restaurant-flushing?adjust_creative=Uu3HbS4pg129T9EGGOQ4HQ&utm_campaign=yelp_api_v3&utm_medium=api_v3_business_search&utm_source=Uu3HbS4pg129T9EGGOQ4HQ
40,la-abundancia-brooklyn-2,"[{'alias': 'colombian', 'title': 'Colombian'}, {'alias': 'bakeries', 'title': 'Bakeries'}]",40.64711,-74.00782,(347) 294-4576,6586.073742844114,PEabAjMdbjplCaRMAdHz6A,https://s3-media2.fl.yelpcdn.com/bphoto/1RmA8ewBmpStszRIp6djZQ/o.jpg,False,4601 5th Ave,,,Brooklyn,US,"['4601 5th Ave', 'Brooklyn, NY 11220']",NY,11220,La Abundancia,+13472944576,$,3.5,8,[],https://www.yelp.com/biz/la-abundancia-brooklyn-2?adjust_creative=Uu3HbS4pg129T9EGGOQ4HQ&utm_campaign=yelp_api_v3&utm_medium=api_v3_business_search&utm_source=Uu3HbS4pg129T9EGGOQ4HQ
41,basurero-astoria,"[{'alias': 'colombian', 'title': 'Colombian'}]",40.758558161287,-73.9192748442292,(718) 545-7077,8650.759291670687,RYbH4A_C4fYLD91Uk_3MiQ,https://s3-media2.fl.yelpcdn.com/bphoto/XwISbgAJNdmIsimLpBBLlQ/o.jpg,False,32-17 Steinway St,,,Astoria,US,"['32-17 Steinway St', 'Astoria, NY 11103']",NY,11103,Basurero,+17185457077,$$,2.5,346,[],https://www.yelp.com/biz/basurero-astoria?adjust_creative=Uu3HbS4pg129T9EGGOQ4HQ&utm_campaign=yelp_api_v3&utm_medium=api_v3_business_search&utm_source=Uu3HbS4pg129T9EGGOQ4HQ
42,nutripan-2-jamaica-3,"[{'alias': 'breakfast_brunch', 'title': 'Breakfast & Brunch'}, {'alias': 'colombian', 'title': 'Colombian'}]",40.7039126364418,-73.8087243365695,(718) 674-6590,15643.3934075387,4Be4_U3VoC65FKMH8hKtbw,https://s3-media1.fl.yelpcdn.com/bphoto/bvKsOM9JO6QSRWwww5rE-A/o.jpg,False,88-44 Sutphin Blvd,,,Jamaica,US,"['88-44 Sutphin Blvd', 'Jamaica, NY 11435']",NY,11435,Nutripan 2,+17186746590,$,4.0,23,"['delivery', 'pickup']",https://www.yelp.com/biz/nutripan-2-jamaica-3?adjust_creative=Uu3HbS4pg129T9EGGOQ4HQ&utm_campaign=yelp_api_v3&utm_medium=api_v3_business_search&utm_source=Uu3HbS4pg129T9EGGOQ4HQ
44,el-carretero-restaurant-union-city,"[{'alias': 'sandwiches', 'title': 'Sandwiches'}, {'alias': 'colombian', 'title': 'Colombian'}]",40.76608,-74.03316,,7495.86976765996,69sFgz1sKwDfkgrgLTH4vQ,https://s3-media3.fl.yelpcdn.com/bphoto/BFJK-JJN-N8OnqhxoqvimQ/o.jpg,False,2116 Bergenline Ave,,,Union City,US,"['2116 Bergenline Ave', 'Union City, NJ 07087']",NJ,07087,El Carretero Restaurant,,$,4.5,19,[],https://www.yelp.com/biz/el-carretero-restaurant-union-city?adjust_creative=Uu3HbS4pg129T9EGGOQ4HQ&utm_campaign=yelp_api_v3&utm_medium=api_v3_business_search&utm_source=Uu3HbS4pg129T9EGGOQ4HQ
45,el-pilon-bakery-sunnyside-3,"[{'alias': 'bakeries', 'title': 'Bakeries'}, {'alias': 'colombian', 'title': 'Colombian'}]",40.7433929,-73.9180512,(347) 808-0336,7693.517003603202,rCQuF7NTXLZzkAysCTl32A,https://s3-media2.fl.yelpcdn.com/bphoto/YfcbRjkqpT37wHQqe3xsRg/o.jpg,False,4619 Queens Blvd,,,Sunnyside,US,"['4619 Queens Blvd', 'Sunnyside, NY 11104']",NY,11104,El Pilon Bakery,+13478080336,,5.0,4,[],https://www.yelp.com/biz/el-pilon-bakery-sunnyside-3?adjust_creative=Uu3HbS4pg129T9EGGOQ4HQ&utm_campaign=yelp_api_v3&utm_medium=api_v3_business_search&utm_source=Uu3HbS4pg129T9EGGOQ4HQ
46,el-fogon-costeno-corp-corona,"[{'alias': 'colombian', 'title': 'Colombian'}]",40.757568,-73.859802,(718) 205-2828,12731.791533666978,kOFUrzoQPW6F0Bqllz5lpg,https://s3-media4.fl.yelpcdn.com/bphoto/afLh2RD0xbqboI6QI6mOQg/o.jpg,False,10912 Northern Blvd,,,Corona,US,"['10912 Northern Blvd', 'Corona, NY 11368']",NY,11368,El Fogon Costeno Corp,+17182052828,$$,3.5,35,[],https://www.yelp.com/biz/el-fogon-costeno-corp-corona?adjust_creative=Uu3HbS4pg129T9EGGOQ4HQ&utm_campaign=yelp_api_v3&utm_medium=api_v3_business_search&utm_source=Uu3HbS4pg129T9EGGOQ4HQ
47,el-buen-sabor-bakery-sunnyside,"[{'alias': 'bakeries', 'title': 'Bakeries'}, {'alias': 'colombian', 'title': 'Colombian'}]",40.7435297,-73.9193497,(718) 361-8714,7622.980650521021,TPhqBi4d_xyL4n0JQPz0AA,https://s3-media2.fl.yelpcdn.com/bphoto/_0fXcXqge7FH07aDo2mYmQ/o.jpg,False,4507 Queens Blvd,,,Sunnyside,US,"['4507 Queens Blvd', 'Sunnyside, NY 11104']",NY,11104,El Buen Sabor Bakery,+17183618714,$,3.5,52,[],https://www.yelp.com/biz/el-buen-sabor-bakery-sunnyside?adjust_creative=Uu3HbS4pg129T9EGGOQ4HQ&utm_campaign=yelp_api_v3&utm_medium=api_v3_business_search&utm_source=Uu3HbS4pg129T9EGGOQ4HQ
48,el-rico-tinto-jackson-heights,"[{'alias': 'colombian', 'title': 'Colombian'}, {'alias': 'mexican', 'title': 'Mexican'}]",40.749358,-73.889562,(718) 424-1324,10086.040970157057,j4QECkHqVZzTfJVdAmy7lw,https://s3-media3.fl.yelpcdn.com/bphoto/Mfjrv7Gk8Pohl6JDjwjZjg/o.jpg,False,7607 37th Ave,,,Jackson Heights,US,"['7607 37th Ave', 'Jackson Heights, NY 11372']",NY,11372,El Rico Tinto,+17184241324,$,4.0,129,"['pickup', 'delivery']",https://www.yelp.com/biz/el-rico-tinto-jackson-heights?adjust_creative=Uu3HbS4pg129T9EGGOQ4HQ&utm_campaign=yelp_api_v3&utm_medium=api_v3_business_search&utm_source=Uu3HbS4pg129T9EGGOQ4HQ
49,bay-ridge-tajadas-colombian-restaurant-brooklyn,"[{'alias': 'breakfast_brunch', 'title': 'Breakfast & Brunch'}, {'alias': 'colombian', 'title': 'Colombian'}]",40.6385229,-74.0153231,(718) 618-9361,7649.812609107894,K0lMNmooQDzXngC10vEGrA,https://s3-media3.fl.yelpcdn.com/bphoto/09Q-aNhxG17oiohtmoobcA/o.jpg,False,241 Bay Ridge Ave,,,Brooklyn,US,"['241 Bay Ridge Ave', 'Brooklyn, NY 11220']",NY,11220,Bay Ridge Tajada's Colombian Restaurant,+17186189361,,4.0,1,[],https://www.yelp.com/biz/bay-ridge-tajadas-colombian-restaurant-brooklyn?adjust_creative=Uu3HbS4pg129T9EGGOQ4HQ&utm_campaign=yelp_api_v3&utm_medium=api_v3_business_search&utm_source=Uu3HbS4pg129T9EGGOQ4HQ
51,gata-golosa-queens,"[{'alias': 'colombian', 'title': 'Colombian'}, {'alias': 'cafes', 'title': 'Cafes'}, {'alias': 'breakfast_brunch', 'title': 'Breakfast & Brunch'}]",40.7621022,-73.9259969,(718) 806-1493,8537.627788150485,DgzQP-fH8ITqt-iYVvekbw,https://s3-media1.fl.yelpcdn.com/bphoto/1bNPFIEZ9GDPjQNUOJs59Q/o.jpg,False,30-18 Broadway,,,Queens,US,"['30-18 Broadway', 'Queens, NY 11106']",NY,11106,Gata Golosa,+17188061493,$,3.5,3,[],https://www.yelp.com/biz/gata-golosa-queens?adjust_creative=Uu3HbS4pg129T9EGGOQ4HQ&utm_campaign=yelp_api_v3&utm_medium=api_v3_business_search&utm_source=Uu3HbS4pg129T9EGGOQ4HQ
52,la-choza-del-gordo-long-island-city,"[{'alias': 'colombian', 'title': 'Colombian'}]",40.7529400579081,-73.9220479130745,(718) 707-0370,8059.20411552048,-Vo_vZt96xBjoxyJ5JNG2Q,https://s3-media4.fl.yelpcdn.com/bphoto/oTl-Og_2wz6FnFMdDvELmQ/o.jpg,False,41-05 Northern Blvd,,,Long Island City,US,"['41-05 Northern Blvd', 'Long Island City, NY 11101']",NY,11101,La Choza del Gordo,+17187070370,$$,3.0,93,"['delivery', 'pickup', 'restaurant_reservation']",https://www.yelp.com/biz/la-choza-del-gordo-long-island-city?adjust_creative=Uu3HbS4pg129T9EGGOQ4HQ&utm_campaign=yelp_api_v3&utm_medium=api_v3_business_search&utm_source=Uu3HbS4pg129T9EGGOQ4HQ
53,la-pollera-de-mario-sunnyside-2,"[{'alias': 'colombian', 'title': 'Colombian'}]",40.7401168876045,-73.9235783188194,(718) 729-8586,7112.31405701034,4pRkyH6nrtamRsPpezhmEw,https://s3-media2.fl.yelpcdn.com/bphoto/G_PO--bNK5nhCpSmG71dnw/o.jpg,False,41-20 Greenpoint Ave,,,Sunnyside,US,"['41-20 Greenpoint Ave', 'Sunnyside, NY 11104']",NY,11104,La Pollera De Mario,+17187298586,,3.5,5,"['delivery', 'pickup']",https://www.yelp.com/biz/la-pollera-de-mario-sunnyside-2?adjust_creative=Uu3HbS4pg129T9EGGOQ4HQ&utm_campaign=yelp_api_v3&utm_medium=api_v3_business_search&utm_source=Uu3HbS4pg129T9EGGOQ4HQ
54,punto-rojo-bakery-coffee-restaurant-jamaica,"[{'alias': 'colombian', 'title': 'Colombian'}]",40.7057433148954,-73.8089618522044,(718) 657-1660,15622.264826834911,rF2QUm8-MVd6MbNmwg6juQ,https://s3-media2.fl.yelpcdn.com/bphoto/IDMe-mmpXgC4NPYlCRUJdw/o.jpg,False,14716 Hillside Ave,,,Jamaica,US,"['14716 Hillside Ave', 'Jamaica, NY 11435']",NY,11435,Punto Rojo Bakery Coffee Restaurant,+17186571660,$$,3.5,73,[],https://www.yelp.com/biz/punto-rojo-bakery-coffee-restaurant-jamaica?adjust_creative=Uu3HbS4pg129T9EGGOQ4HQ&utm_campaign=yelp_api_v3&utm_medium=api_v3_business_search&utm_source=Uu3HbS4pg129T9EGGOQ4HQ
55,paraiso-colombiano-corona,"[{'alias': 'colombian', 'title': 'Colombian'}]",40.743541,-73.856519,(718) 699-5054,12373.178848271558,y1R40jhr-Obg4zeK5A-POw,https://s3-media2.fl.yelpcdn.com/bphoto/0MUWi3lErDzqokJsOJyd4Q/o.jpg,False,10620 Corona Ave,,,Corona,US,"['10620 Corona Ave', 'Corona, NY 11368']",NY,11368,Paraiso Colombiano,+17186995054,$$,3.5,22,[],https://www.yelp.com/biz/paraiso-colombiano-corona?adjust_creative=Uu3HbS4pg129T9EGGOQ4HQ&utm_campaign=yelp_api_v3&utm_medium=api_v3_business_search&utm_source=Uu3HbS4pg129T9EGGOQ4HQ
56,matecana-corona,"[{'alias': 'colombian', 'title': 'Colombian'}]",40.74568,-73.8564899,(718) 699-0660,12444.307499354303,ZvqRQtXWPDeiuSOgsOrQ6g,https://s3-media4.fl.yelpcdn.com/bphoto/WLMYupOycIil1aULZikoGg/o.jpg,False,4804 108th St,,,Corona,US,"['4804 108th St', 'Corona, NY 11368']",NY,11368,matecana,+17186990660,,4.0,8,[],https://www.yelp.com/biz/matecana-corona?adjust_creative=Uu3HbS4pg129T9EGGOQ4HQ&utm_campaign=yelp_api_v3&utm_medium=api_v3_business_search&utm_source=Uu3HbS4pg129T9EGGOQ4HQ
58,los-verdes-sunnyside,"[{'alias': 'burgers', 'title': 'Burgers'}, {'alias': 'hotdog', 'title': 'Hot Dogs'}, {'alias': 'colombian', 'title': 'Colombian'}]",40.74229610041,-73.9180822802553,(718) 255-6600,7618.209094815988,-0YTqofxupHzmd9SbKhjXw,https://s3-media2.fl.yelpcdn.com/bphoto/DxpEEyKOq8arH6rbq71yTg/o.jpg,False,46-26 Greenpoint Ave,,,Sunnyside,US,"['46-26 Greenpoint Ave', 'Sunnyside, NY 11104']",NY,11104,Los Verdes,+17182556600,$$,3.5,110,"['delivery', 'pickup']",https://www.yelp.com/biz/los-verdes-sunnyside?adjust_creative=Uu3HbS4pg129T9EGGOQ4HQ&utm_campaign=yelp_api_v3&utm_medium=api_v3_business_search&utm_source=Uu3HbS4pg129T9EGGOQ4HQ
59,mi-casita-colombiana-bayonne,"[{'alias': 'colombian', 'title': 'Colombian'}]",40.6594023947381,-74.1219238554543,(201) 535-5888,11917.86862433583,xT5uFF0it_ocA5Cx6jr7BA,https://s3-media3.fl.yelpcdn.com/bphoto/l2WFouBR-zOX8s5SlDsVxQ/o.jpg,False,362 Broadway Ave,,,Bayonne,US,"['362 Broadway Ave', 'Bayonne, NJ 07002']",NJ,07002,Mi Casita Colombiana,+12015355888,$,4.0,22,[],https://www.yelp.com/biz/mi-casita-colombiana-bayonne?adjust_creative=Uu3HbS4pg129T9EGGOQ4HQ&utm_campaign=yelp_api_v3&utm_medium=api_v3_business_search&utm_source=Uu3HbS4pg129T9EGGOQ4HQ
60,las-tias-cafe-bakery-middle-village,"[{'alias': 'coffee', 'title': 'Coffee & Tea'}, {'alias': 'bakeries', 'title': 'Bakeries'}, {'alias': 'colombian', 'title': 'Colombian'}]",40.7127687327052,-73.8778613151087,(718) 416-3888,9847.667062161298,PYJ9FJ92oGQzg1FTg6KSyQ,https://s3-media2.fl.yelpcdn.com/bphoto/FslwmxKidh-W5SsKskgaWA/o.jpg,False,74-01 Metropolitan Ave,,,Middle Village,US,"['74-01 Metropolitan Ave', 'Middle Village, NY 11379']",NY,11379,Las Tias Cafe Bakery,+17184163888,$,4.0,15,[],https://www.yelp.com/biz/las-tias-cafe-bakery-middle-village?adjust_creative=Uu3HbS4pg129T9EGGOQ4HQ&utm_campaign=yelp_api_v3&utm_medium=api_v3_business_search&utm_source=Uu3HbS4pg129T9EGGOQ4HQ
61,palenque-colombian-food-manhattan,"[{'alias': 'foodstands', 'title': 'Food Stands'}, {'alias': 'colombian', 'title': 'Colombian'}, {'alias': 'soup', 'title': 'Soup'}]",40.57787,-74.0095,(718) 954-1955,18524.538903555644,w6rHo1OIIpYKA_wWNARcqA,https://s3-media3.fl.yelpcdn.com/bphoto/xJsaoHc8_LHvuqjcrNf5Ug/o.jpg,False,,,,Manhattan,US,"['Manhattan, NY 11694']",NY,11694,Palenque Colombian Food,+17189541955,$,3.0,56,"['delivery', 'pickup']",https://www.yelp.com/biz/palenque-colombian-food-manhattan?adjust_creative=Uu3HbS4pg129T9EGGOQ4HQ&utm_campaign=yelp_api_v3&utm_medium=api_v3_business_search&utm_source=Uu3HbS4pg129T9EGGOQ4HQ
62,latino-bites-jackson-heights,"[{'alias': 'foodtrucks', 'title': 'Food Trucks'}, {'alias': 'colombian', 'title': 'Colombian'}]",40.75585,-73.88258,(347) 652-3058,10954.679462126855,BVOcsCFgphv8_yu4qpbQIA,https://s3-media2.fl.yelpcdn.com/bphoto/CBiXVjEAwAWQAPqvLULFwg/o.jpg,False,85th St & Northern Blvd,,,Jackson Heights,US,"['85th St & Northern Blvd', 'Jackson Heights, NY 11372']",NY,11372,Latino Bites,+13476523058,$$,4.0,7,[],https://www.yelp.com/biz/latino-bites-jackson-heights?adjust_creative=Uu3HbS4pg129T9EGGOQ4HQ&utm_campaign=yelp_api_v3&utm_medium=api_v3_business_search&utm_source=Uu3HbS4pg129T9EGGOQ4HQ
64,el-arepazo-queens-2,"[{'alias': 'colombian', 'title': 'Colombian'}]",40.7479583,-73.8796074,(347) 738-6579,10802.019447118868,6-z-OyTTMtzUjEa915zpJg,https://s3-media2.fl.yelpcdn.com/bphoto/Txv6YcCBEsxO0rZmiDvkHQ/o.jpg,False,86-26 Roosevelt Ave,Ste 2,,Queens,US,"['86-26 Roosevelt Ave', 'Ste 2', 'Queens, NY 11372']",NY,11372,El Arepazo,+13477386579,,4.0,10,"['delivery', 'pickup']",https://www.yelp.com/biz/el-arepazo-queens-2?adjust_creative=Uu3HbS4pg129T9EGGOQ4HQ&utm_campaign=yelp_api_v3&utm_medium=api_v3_business_search&utm_source=Uu3HbS4pg129T9EGGOQ4HQ
65,satori-burgers-east-elmhurst,"[{'alias': 'colombian', 'title': 'Colombian'}, {'alias': 'burgers', 'title': 'Burgers'}, {'alias': 'empanadas', 'title': 'Empanadas'}]",40.76037,-73.87725,(718) 205-7676,11600.00315547339,Rruhmy4v2DNnVrhyuLNt_Q,https://s3-media1.fl.yelpcdn.com/bphoto/mOcwk3XcIatywvtZbLoKNQ/o.jpg,False,9109 31st Ave,,,East Elmhurst,US,"['9109 31st Ave', 'East Elmhurst, NY 11369']",NY,11369,Satori Burgers,+17182057676,$$,4.0,49,"['delivery', 'pickup']",https://www.yelp.com/biz/satori-burgers-east-elmhurst?adjust_creative=Uu3HbS4pg129T9EGGOQ4HQ&utm_campaign=yelp_api_v3&utm_medium=api_v3_business_search&utm_source=Uu3HbS4pg129T9EGGOQ4HQ
66,delicias-tajadas-bay-ridge,"[{'alias': 'colombian', 'title': 'Colombian'}, {'alias': 'bakeries', 'title': 'Bakeries'}, {'alias': 'breakfast_brunch', 'title': 'Breakfast & Brunch'}]",40.636383,-74.027153,(718) 836-0056,8163.454700047277,A8vf93wUTgJsextXMsDKQA,https://s3-media1.fl.yelpcdn.com/bphoto/5kB7CMGntfKM1k_R-9QovQ/o.jpg,False,241 Bay Ridge Ave,,,Bay Ridge,US,"['241 Bay Ridge Ave', 'Bay Ridge, NY 11220']",NY,11220,Delicias Tajadas,+17188360056,$$,3.0,10,"['delivery', 'pickup']",https://www.yelp.com/biz/delicias-tajadas-bay-ridge?adjust_creative=Uu3HbS4pg129T9EGGOQ4HQ&utm_campaign=yelp_api_v3&utm_medium=api_v3_business_search&utm_source=Uu3HbS4pg129T9EGGOQ4HQ
67,pollos-mario-woodside,"[{'alias': 'steak', 'title': 'Steakhouses'}, {'alias': 'seafood', 'title': 'Seafood'}, {'alias': 'colombian', 'title': 'Colombian'}]",40.744736,-73.9024073,(718) 205-9898,8890.656855636682,_hrgvhXagKTBOBV-ahsiAw,https://s3-media2.fl.yelpcdn.com/bphoto/Li38GHdZQxg_bXfyceRejA/o.jpg,False,62-01 Woodside Ave,,,Woodside,US,"['62-01 Woodside Ave', 'Woodside, NY 11377']",NY,11377,Pollos Mario,+17182059898,$$,3.5,36,"['delivery', 'pickup']",https://www.yelp.com/biz/pollos-mario-woodside?adjust_creative=Uu3HbS4pg129T9EGGOQ4HQ&utm_campaign=yelp_api_v3&utm_medium=api_v3_business_search&utm_source=Uu3HbS4pg129T9EGGOQ4HQ
68,arepas-grill-astoria,"[{'alias': 'venezuelan', 'title': 'Venezuelan'}, {'alias': 'colombian', 'title': 'Colombian'}]",40.7649992596183,-73.9305237598332,(718) 355-9686,8527.685075396774,xxRp7CS0BOgecjlMDU9klA,https://s3-media4.fl.yelpcdn.com/bphoto/ciofkLJeYNXuM2wNssyYIQ/o.jpg,False,21-19 Broadway,,,Astoria,US,"['21-19 Broadway', 'Astoria, NY 11106']",NY,11106,Arepas Grill,+17183559686,$$,4.0,226,"['delivery', 'pickup', 'restaurant_reservation']",https://www.yelp.com/biz/arepas-grill-astoria?adjust_creative=Uu3HbS4pg129T9EGGOQ4HQ&utm_campaign=yelp_api_v3&utm_medium=api_v3_business_search&utm_source=Uu3HbS4pg129T9EGGOQ4HQ
69,el-palacio-de-los-cholados-jackson-heights,"[{'alias': 'juicebars', 'title': 'Juice Bars & Smoothies'}, {'alias': 'colombian', 'title': 'Colombian'}]",40.7556395977736,-73.8841449469328,(917) 436-5649,10851.87367378493,87NNC8Xv_0oYMNW8ne9qzw,https://s3-media1.fl.yelpcdn.com/bphoto/B_Yt6ZeWyEZSItzkJSiYOQ/o.jpg,False,83-18 Northern Blvd,,,Jackson Heights,US,"['83-18 Northern Blvd', 'Jackson Heights, NY 11372']",NY,11372,El Palacio de Los Cholados,+19174365649,$,4.0,67,[],https://www.yelp.com/biz/el-palacio-de-los-cholados-jackson-heights?adjust_creative=Uu3HbS4pg129T9EGGOQ4HQ&utm_campaign=yelp_api_v3&utm_medium=api_v3_business_search&utm_source=Uu3HbS4pg129T9EGGOQ4HQ
70,girasol-bakery-jamaica,"[{'alias': 'colombian', 'title': 'Colombian'}, {'alias': 'bakeries', 'title': 'Bakeries'}, {'alias': 'empanadas', 'title': 'Empanadas'}]",40.6989759096385,-73.8338132947683,,13547.212433293927,dDO8mFz_0NglYtLfWjTV-g,https://s3-media3.fl.yelpcdn.com/bphoto/rhoIJbppt5MPAzBHcz5q5Q/o.jpg,False,115-11 Jamaica Ave,,,Jamaica,US,"['115-11 Jamaica Ave', 'Jamaica, NY 11418']",NY,11418,Girasol Bakery,,,4.5,7,[],https://www.yelp.com/biz/girasol-bakery-jamaica?adjust_creative=Uu3HbS4pg129T9EGGOQ4HQ&utm_campaign=yelp_api_v3&utm_medium=api_v3_business_search&utm_source=Uu3HbS4pg129T9EGGOQ4HQ
71,mr-pollo-1-bayside,"[{'alias': 'colombian', 'title': 'Colombian'}]",40.7620888,-73.7705536,(718) 229-3064,19875.908767393154,_AkGYn-NI41M6dgxYeQ3cA,https://s3-media3.fl.yelpcdn.com/bphoto/3UmdSZBxMgEDOF8iy4HqLg/o.jpg,False,42-20 Bell Blvd,,,Bayside,US,"['42-20 Bell Blvd', 'Bayside, NY 11361']",NY,11361,Mr Pollo 1,+17182293064,$$,2.5,86,"['delivery', 'pickup']",https://www.yelp.com/biz/mr-pollo-1-bayside?adjust_creative=Uu3HbS4pg129T9EGGOQ4HQ&utm_campaign=yelp_api_v3&utm_medium=api_v3_business_search&utm_source=Uu3HbS4pg129T9EGGOQ4HQ
76,brisas-colombianas-bakery-elizabeth-3,"[{'alias': 'bakeries', 'title': 'Bakeries'}, {'alias': 'colombian', 'title': 'Colombian'}]",40.66787,-74.21664,(908) 353-1377,19207.38099270631,mUVWkbhUYK4iPH7jsbrukg,https://s3-media2.fl.yelpcdn.com/bphoto/uRcL2JWTtD-j6LkvIiyo0g/o.jpg,False,262 Morris Ave,,,Elizabeth,US,"['262 Morris Ave', 'Elizabeth, NJ 07208']",NJ,07208,Brisas Colombianas Bakery,+19083531377,$$,4.5,96,[],https://www.yelp.com/biz/brisas-colombianas-bakery-elizabeth-3?adjust_creative=Uu3HbS4pg129T9EGGOQ4HQ&utm_campaign=yelp_api_v3&utm_medium=api_v3_business_search&utm_source=Uu3HbS4pg129T9EGGOQ4HQ
78,cositas-ricas-jackson-heights-2,"[{'alias': 'bakeries', 'title': 'Bakeries'}, {'alias': 'colombian', 'title': 'Colombian'}]",40.7475741165953,-73.8857217804617,(718) 478-1500,10278.574853827778,mSBTahVxcW-NllrYz_g-GA,https://s3-media3.fl.yelpcdn.com/bphoto/_pRsAAV1iWeyv4PNrTGptw/o.jpg,False,7919 Roosevelt Ave,,,Jackson Heights,US,"['7919 Roosevelt Ave', 'Jackson Heights, NY 11372']",NY,11372,Cositas Ricas,+17184781500,$$,3.0,130,[],https://www.yelp.com/biz/cositas-ricas-jackson-heights-2?adjust_creative=Uu3HbS4pg129T9EGGOQ4HQ&utm_campaign=yelp_api_v3&utm_medium=api_v3_business_search&utm_source=Uu3HbS4pg129T9EGGOQ4HQ
79,doña-marìa-woodhaven,"[{'alias': 'colombian', 'title': 'Colombian'}]",40.6939382,-73.8518126,(718) 441-0150,12081.008769564633,zvjtv3X3zjdRPhFitVeLoQ,https://s3-media2.fl.yelpcdn.com/bphoto/L6VgHE6mRM-HtLFAKNMQNw/o.jpg,False,9303 Jamaica Ave,,,Woodhaven,US,"['9303 Jamaica Ave', 'Woodhaven, NY 11421']",NY,11421,Doña Marìa,+17184410150,$$,2.5,21,[],https://www.yelp.com/biz/do%C3%B1a-mar%C3%ACa-woodhaven?adjust_creative=Uu3HbS4pg129T9EGGOQ4HQ&utm_campaign=yelp_api_v3&utm_medium=api_v3_business_search&utm_source=Uu3HbS4pg129T9EGGOQ4HQ
80,la-amistad-bakery-murray-hill,"[{'alias': 'bakeries', 'title': 'Bakeries'}, {'alias': 'colombian', 'title': 'Colombian'}, {'alias': 'seafood', 'title': 'Seafood'}]",40.7613478617079,-73.8036870583892,(718) 463-2477,17221.166385126726,40sNz2jxihcO1ScHvKbPZw,https://s3-media1.fl.yelpcdn.com/bphoto/LNyZVly9anHpeG9OsQo0zg/o.jpg,False,40 - 29 162nd St,,,Murray Hill,US,"['40 - 29 162nd St', 'Murray Hill, NY 11358']",NY,11358,La Amistad Bakery,+17184632477,$,2.5,23,"['pickup', 'delivery']",https://www.yelp.com/biz/la-amistad-bakery-murray-hill?adjust_creative=Uu3HbS4pg129T9EGGOQ4HQ&utm_campaign=yelp_api_v3&utm_medium=api_v3_business_search&utm_source=Uu3HbS4pg129T9EGGOQ4HQ
81,los-chuzos-y-algo-mas-jackson-heights,"[{'alias': 'colombian', 'title': 'Colombian'}]",40.74758,-73.88659,,10203.738573167158,qkZFn8A0ntFk1S9vOTXKXA,https://s3-media2.fl.yelpcdn.com/bphoto/7Gr32YpEXtMKXdrPHNbpHA/o.jpg,False,79-01 Roosevelt Ave,,,Jackson Heights,US,"['79-01 Roosevelt Ave', 'Jackson Heights, NY 11372']",NY,11372,Los Chuzos Y Algo Mas,,$,4.0,14,[],https://www.yelp.com/biz/los-chuzos-y-algo-mas-jackson-heights?adjust_creative=Uu3HbS4pg129T9EGGOQ4HQ&utm_campaign=yelp_api_v3&utm_medium=api_v3_business_search&utm_source=Uu3HbS4pg129T9EGGOQ4HQ
83,acá-te-espero-richmond-hill,"[{'alias': 'colombian', 'title': 'Colombian'}]",40.70346,-73.8226,(929) 354-0129,14469.994899831005,FRtMmmCdELNbiQvNxL8Nvg,https://s3-media2.fl.yelpcdn.com/bphoto/Lm4KQMtVuG_byoCn8_5Fwg/o.jpg,False,129 20 Hillside Ave,,,Richmond Hill,US,"['129 20 Hillside Ave', 'Richmond Hill, NY 11418']",NY,11418,Acá te Espero,+19293540129,$$,2.5,14,"['delivery', 'pickup']",https://www.yelp.com/biz/ac%C3%A1-te-espero-richmond-hill?adjust_creative=Uu3HbS4pg129T9EGGOQ4HQ&utm_campaign=yelp_api_v3&utm_medium=api_v3_business_search&utm_source=Uu3HbS4pg129T9EGGOQ4HQ
84,d-antigua-lounge-jackson-heights,"[{'alias': 'musicvenues', 'title': 'Music Venues'}, {'alias': 'lounges', 'title': 'Lounges'}, {'alias': 'colombian', 'title': 'Colombian'}]",40.7557421922684,-73.8832209259272,(718) 779-0128,10904.4747198231,fBLUN2mvKGx2qGmKeVbofA,https://s3-media2.fl.yelpcdn.com/bphoto/mVFmw-WHHJcd7f7OvOjygQ/o.jpg,False,84-16 Northern Blvd,,,Jackson Heights,US,"['84-16 Northern Blvd', 'Jackson Heights, NY 11372']",NY,11372,D'Antigua Lounge,+17187790128,$$,4.0,27,[],https://www.yelp.com/biz/d-antigua-lounge-jackson-heights?adjust_creative=Uu3HbS4pg129T9EGGOQ4HQ&utm_campaign=yelp_api_v3&utm_medium=api_v3_business_search&utm_source=Uu3HbS4pg129T9EGGOQ4HQ
85,tropic-pollo-elmhurst,"[{'alias': 'colombian', 'title': 'Colombian'}]",40.7423609,-73.874069,(718) 592-2093,10913.33040187082,3mrsKiAJj1OunodVK_ooYA,https://s3-media4.fl.yelpcdn.com/bphoto/eFXc2lyUA7OyHYVAO8LfXQ/o.jpg,False,90-59 Coroina Ave,,,Elmhurst,US,"['90-59 Coroina Ave', 'Elmhurst, NY 11373']",NY,11373,Tropic Pollo,+17185922093,$$,3.5,36,"['delivery', 'pickup']",https://www.yelp.com/biz/tropic-pollo-elmhurst?adjust_creative=Uu3HbS4pg129T9EGGOQ4HQ&utm_campaign=yelp_api_v3&utm_medium=api_v3_business_search&utm_source=Uu3HbS4pg129T9EGGOQ4HQ
86,villa-de-colombia-hackensack,"[{'alias': 'spanish', 'title': 'Spanish'}, {'alias': 'colombian', 'title': 'Colombian'}]",40.8839858,-74.0431482,(201) 343-3399,20281.612976344146,kNSM5GN0AFmN06l_9Vyjgw,https://s3-media1.fl.yelpcdn.com/bphoto/1qyI6IIONUaXi0673YgkkA/o.jpg,False,12 Mercer St,,,Hackensack,US,"['12 Mercer St', 'Hackensack, NJ 07601']",NJ,07601,Villa De Colombia,+12013433399,$$,4.0,147,[],https://www.yelp.com/biz/villa-de-colombia-hackensack?adjust_creative=Uu3HbS4pg129T9EGGOQ4HQ&utm_campaign=yelp_api_v3&utm_medium=api_v3_business_search&utm_source=Uu3HbS4pg129T9EGGOQ4HQ
89,ricuras-del-rey-woodhaven,"[{'alias': 'colombian', 'title': 'Colombian'}, {'alias': 'bakeries', 'title': 'Bakeries'}]",40.6923640423287,-73.8522577000102,(718) 805-0860,12061.894202737434,1TquW-UTr4NhUYlWptYmUQ,https://s3-media1.fl.yelpcdn.com/bphoto/IIT3wRE4CaZQSerze25msQ/o.jpg,False,87-06 Woodhaven Blvd,,,Woodhaven,US,"['87-06 Woodhaven Blvd', 'Woodhaven, NY 11421']",NY,11421,Ricuras Del Rey,+17188050860,,2.5,4,"['delivery', 'pickup']",https://www.yelp.com/biz/ricuras-del-rey-woodhaven?adjust_creative=Uu3HbS4pg129T9EGGOQ4HQ&utm_campaign=yelp_api_v3&utm_medium=api_v3_business_search&utm_source=Uu3HbS4pg129T9EGGOQ4HQ
92,pollos-a-la-brasa-marion-woodside-2,"[{'alias': 'colombian', 'title': 'Colombian'}]",40.746514,-73.896059,(718) 779-8100,9455.253861535419,7sUa2PnGoFvwqHZzTYhF-g,https://s3-media3.fl.yelpcdn.com/bphoto/Tf0OE3uAs7shbHSyROC7uw/o.jpg,False,6901 Roosevelt Ave,,,Woodside,US,"['6901 Roosevelt Ave', 'Woodside, NY 11377']",NY,11377,Pollos A La Brasa Marion,+17187798100,$$,3.5,32,"['delivery', 'pickup']",https://www.yelp.com/biz/pollos-a-la-brasa-marion-woodside-2?adjust_creative=Uu3HbS4pg129T9EGGOQ4HQ&utm_campaign=yelp_api_v3&utm_medium=api_v3_business_search&utm_source=Uu3HbS4pg129T9EGGOQ4HQ
93,teatro-restaurante-boulevard-jackson-heights-2,"[{'alias': 'colombian', 'title': 'Colombian'}]",40.7555230069446,-73.8845878466964,(718) 651-2797,10791.608233325192,C8X-AoYmXzT9CO_a5j14lA,https://s3-media3.fl.yelpcdn.com/bphoto/DnB6KP6xM9SVJDr6lc8K3A/o.jpg,False,8222 Northern Blvd,,,Jackson Heights,US,"['8222 Northern Blvd', 'Jackson Heights, NY 11372']",NY,11372,Teatro Restaurante Boulevard,+17186512797,$$,3.5,32,[],https://www.yelp.com/biz/teatro-restaurante-boulevard-jackson-heights-2?adjust_creative=Uu3HbS4pg129T9EGGOQ4HQ&utm_campaign=yelp_api_v3&utm_medium=api_v3_business_search&utm_source=Uu3HbS4pg129T9EGGOQ4HQ
95,antojos-colombianos-restaurante-y-panadería-harrison,"[{'alias': 'colombian', 'title': 'Colombian'}, {'alias': 'bakeries', 'title': 'Bakeries'}]",40.7472138318214,-74.1524705053406,(973) 481-2233,14115.16787235537,K6GsrqxDfukrlJtWEHsvnw,https://s3-media4.fl.yelpcdn.com/bphoto/gxkYuuPyVjkbnfwonAkn4w/o.jpg,False,530 Harrison Ave,,,Harrison,US,"['530 Harrison Ave', 'Harrison, NJ 07029']",NJ,07029,Antojos Colombianos Restaurante y Panadería,+19734812233,$$,3.5,15,[],https://www.yelp.com/biz/antojos-colombianos-restaurante-y-panader%C3%ADa-harrison?adjust_creative=Uu3HbS4pg129T9EGGOQ4HQ&utm_campaign=yelp_api_v3&utm_medium=api_v3_business_search&utm_source=Uu3HbS4pg129T9EGGOQ4HQ
96,la-vienesa-bakery-sunnyside,"[{'alias': 'bakeries', 'title': 'Bakeries'}, {'alias': 'colombian', 'title': 'Colombian'}]",40.7435782,-73.9248861,(718) 786-2924,7238.902563194159,ITgQDgSfpxqXIiFdBFytxQ,https://s3-media1.fl.yelpcdn.com/bphoto/FK5WP_NegqhzbhtkdZtnUQ/o.jpg,False,3944 Queens Blvd,,,Sunnyside,US,"['3944 Queens Blvd', 'Sunnyside, NY 11104']",NY,11104,La Vienesa Bakery,+17187862924,$,3.5,20,"['delivery', 'pickup']",https://www.yelp.com/biz/la-vienesa-bakery-sunnyside?adjust_creative=Uu3HbS4pg129T9EGGOQ4HQ&utm_campaign=yelp_api_v3&utm_medium=api_v3_business_search&utm_source=Uu3HbS4pg129T9EGGOQ4HQ
97,tintos-west-new-york,"[{'alias': 'coffee', 'title': 'Coffee & Tea'}, {'alias': 'colombian', 'title': 'Colombian'}, {'alias': 'breakfast_brunch', 'title': 'Breakfast & Brunch'}]",40.7893274724483,-74.0135293453932,(201) 751-5588,9480.430347156549,6XCcabbhcZwWsHPmIFSH_g,https://s3-media1.fl.yelpcdn.com/bphoto/29kfC52B2Vtd5s8hB4dOSA/o.jpg,False,413 61st St,,,West New York,US,"['413 61st St', 'West New York, NJ 07093']",NJ,07093,Tintos,+12017515588,$,5.0,6,[],https://www.yelp.com/biz/tintos-west-new-york?adjust_creative=Uu3HbS4pg129T9EGGOQ4HQ&utm_campaign=yelp_api_v3&utm_medium=api_v3_business_search&utm_source=Uu3HbS4pg129T9EGGOQ4HQ
98,noches-de-colombia-fairview,"[{'alias': 'colombian', 'title': 'Colombian'}]",40.8205527976387,-74.007739742865,(201) 840-8428,12849.40648720829,LOqo5ftcUbWm4Xn-KgqhnQ,https://s3-media1.fl.yelpcdn.com/bphoto/CLHX1XzG5Q9Td1nFzpQi8Q/o.jpg,False,172 Broad Ave,,,Fairview,US,"['172 Broad Ave', 'Fairview, NJ 07022']",NJ,07022,Noches De Colombia,+12018408428,$$,3.5,144,[],https://www.yelp.com/biz/noches-de-colombia-fairview?adjust_creative=Uu3HbS4pg129T9EGGOQ4HQ&utm_campaign=yelp_api_v3&utm_medium=api_v3_business_search&utm_source=Uu3HbS4pg129T9EGGOQ4HQ
99,bachue-restaurant-and-bar-jackson-heights,"[{'alias': 'sportsbars', 'title': 'Sports Bars'}, {'alias': 'colombian', 'title': 'Colombian'}]",40.7499504,-73.8800735,(718) 779-7595,10798.115986821625,o5YkXurSfwBcBV0_HZsCFw,https://s3-media2.fl.yelpcdn.com/bphoto/1NSMtkala1pe102ttfbPJA/o.jpg,False,8602 37th Ave,,,Jackson Heights,US,"['8602 37th Ave', 'Jackson Heights, NY 11372']",NY,11372,Bachue Restaurant and Bar,+17187797595,$$,3.5,45,"['delivery', 'pickup']",https://www.yelp.com/biz/bachue-restaurant-and-bar-jackson-heights?adjust_creative=Uu3HbS4pg129T9EGGOQ4HQ&utm_campaign=yelp_api_v3&utm_medium=api_v3_business_search&utm_source=Uu3HbS4pg129T9EGGOQ4HQ
102,sabroso-express-west-new-york,"[{'alias': 'colombian', 'title': 'Colombian'}, {'alias': 'burgers', 'title': 'Burgers'}]",40.785938886288,-74.0100780129433,(201) 751-4344,9048.756845551155,8lXGDpfOkAFtwEN040GKXw,https://s3-media1.fl.yelpcdn.com/bphoto/xkX8d3aITu4vXXU74behHw/o.jpg,False,126 60th St,,,West New York,US,"['126 60th St', 'West New York, NJ 07093']",NJ,07093,Sabroso Express,+12017514344,$,4.0,25,"['delivery', 'pickup']",https://www.yelp.com/biz/sabroso-express-west-new-york?adjust_creative=Uu3HbS4pg129T9EGGOQ4HQ&utm_campaign=yelp_api_v3&utm_medium=api_v3_business_search&utm_source=Uu3HbS4pg129T9EGGOQ4HQ
103,la-gitana-two-corona,"[{'alias': 'colombian', 'title': 'Colombian'}, {'alias': 'bakeries', 'title': 'Bakeries'}]",40.751818,-73.855712,(718) 779-7797,12765.262564831872,ztl5wnAByzZTsguHpFYvbQ,https://s3-media1.fl.yelpcdn.com/bphoto/PI-u4BV7vyIHn-bMoeEPCg/o.jpg,False,11103 Roosevelt Ave,,,Corona,US,"['11103 Roosevelt Ave', 'Corona, NY 11368']",NY,11368,La Gitana Two,+17187797797,$,5.0,4,[],https://www.yelp.com/biz/la-gitana-two-corona?adjust_creative=Uu3HbS4pg129T9EGGOQ4HQ&utm_campaign=yelp_api_v3&utm_medium=api_v3_business_search&utm_source=Uu3HbS4pg129T9EGGOQ4HQ
106,sal-and-pimienta-colombian-restaurant-teaneck,"[{'alias': 'colombian', 'title': 'Colombian'}, {'alias': 'spanish', 'title': 'Spanish'}]",40.8894965451438,-74.0227950364351,(201) 357-4897,20605.740553799635,08TuPi2yK7tC6TeeIO-5Hg,https://s3-media2.fl.yelpcdn.com/bphoto/kyvXK2BIZqrliMZFBJ17Pg/o.jpg,False,477 Cedar Ln,,,Teaneck,US,"['477 Cedar Ln', 'Teaneck, NJ 07666']",NJ,07666,Sal & Pimienta Colombian Restaurant,+12013574897,$$,4.0,87,"['delivery', 'pickup']",https://www.yelp.com/biz/sal-and-pimienta-colombian-restaurant-teaneck?adjust_creative=Uu3HbS4pg129T9EGGOQ4HQ&utm_campaign=yelp_api_v3&utm_medium=api_v3_business_search&utm_source=Uu3HbS4pg129T9EGGOQ4HQ
107,rancho-mateo-north-bergen,"[{'alias': 'colombian', 'title': 'Colombian'}, {'alias': 'steak', 'title': 'Steakhouses'}, {'alias': 'sportsbars', 'title': 'Sports Bars'}]",40.80638,-73.99723,(201) 758-5400,11226.188173343447,sjk8adZeERQnD5yK5laJJw,https://s3-media4.fl.yelpcdn.com/bphoto/XhozWzcYZ_doQCae31fTtQ/o.jpg,False,9011 Palisade Ave,,,North Bergen,US,"['9011 Palisade Ave', 'North Bergen, NJ 07047']",NJ,07047,Rancho Mateo,+12017585400,$$,3.5,73,[],https://www.yelp.com/biz/rancho-mateo-north-bergen?adjust_creative=Uu3HbS4pg129T9EGGOQ4HQ&utm_campaign=yelp_api_v3&utm_medium=api_v3_business_search&utm_source=Uu3HbS4pg129T9EGGOQ4HQ
110,nutripan-bakery-and-restaurant-elmhurst,"[{'alias': 'bakeries', 'title': 'Bakeries'}, {'alias': 'colombian', 'title': 'Colombian'}]",40.7369869,-73.8657759,(718) 760-4444,11383.828803272567,smbsV2ma1T9yuod-qS4A6w,https://s3-media3.fl.yelpcdn.com/bphoto/CdvV4fRAcLHNwn2bmwBn8w/o.jpg,False,5609 Junction Blvd,,,Elmhurst,US,"['5609 Junction Blvd', 'Elmhurst, NY 11373']",NY,11373,Nutripan Bakery & Restaurant,+17187604444,$,3.0,9,"['delivery', 'pickup']",https://www.yelp.com/biz/nutripan-bakery-and-restaurant-elmhurst?adjust_creative=Uu3HbS4pg129T9EGGOQ4HQ&utm_campaign=yelp_api_v3&utm_medium=api_v3_business_search&utm_source=Uu3HbS4pg129T9EGGOQ4HQ
111,pollos-mario-jackson-heights,"[{'alias': 'colombian', 'title': 'Colombian'}]",40.7482255,-73.8796532,(718) 205-7777,10774.27871546959,1KrnMa7oofok1HhbwMgvog,https://s3-media2.fl.yelpcdn.com/bphoto/6F21z7fBl1_Ll1IEQv_mTQ/o.jpg,False,8613 Roosevelt Ave,,,Jackson Heights,US,"['8613 Roosevelt Ave', 'Jackson Heights, NY 11372']",NY,11372,Pollos Mario,+17182057777,$$,4.0,33,[],https://www.yelp.com/biz/pollos-mario-jackson-heights?adjust_creative=Uu3HbS4pg129T9EGGOQ4HQ&utm_campaign=yelp_api_v3&utm_medium=api_v3_business_search&utm_source=Uu3HbS4pg129T9EGGOQ4HQ
112,mi-pequeno-terruno-2-astoria,"[{'alias': 'colombian', 'title': 'Colombian'}, {'alias': 'foodstands', 'title': 'Food Stands'}]",40.7551475,-73.9221165,(347) 525-0461,8217.790105458864,fjFPUXRDNZPYXLv9Hn9Upg,,False,Steinway Street & 35th Ave,,,Astoria,US,"['Steinway Street & 35th Ave', 'Astoria, NY 11106']",NY,11106,Mi Pequeno Terruno #2,+13475250461,,4.5,2,[],https://www.yelp.com/biz/mi-pequeno-terruno-2-astoria?adjust_creative=Uu3HbS4pg129T9EGGOQ4HQ&utm_campaign=yelp_api_v3&utm_medium=api_v3_business_search&utm_source=Uu3HbS4pg129T9EGGOQ4HQ
117,latino-bites-corona,"[{'alias': 'foodtrucks', 'title': 'Food Trucks'}, {'alias': 'mexican', 'title': 'Mexican'}, {'alias': 'colombian', 'title': 'Colombian'}]",40.7558072,-73.8825566,(347) 698-9175,10954.679462126855,h9XrjdkLOtkUi5tDWyCdOQ,https://s3-media4.fl.yelpcdn.com/bphoto/PjGpmsnaJd75g_Hrk2z48g/o.jpg,False,85 St & Northern Blvd,,,Corona,US,"['85 St & Northern Blvd', 'Corona, NY 11372']",NY,11372,Latino Bites,+13476989175,$,4.5,3,[],https://www.yelp.com/biz/latino-bites-corona?adjust_creative=Uu3HbS4pg129T9EGGOQ4HQ&utm_campaign=yelp_api_v3&utm_medium=api_v3_business_search&utm_source=Uu3HbS4pg129T9EGGOQ4HQ
119,la-fogata-flushing,"[{'alias': 'colombian', 'title': 'Colombian'}]",40.74232,-73.85419,(347) 738-4616,12498.377087426912,8rGj2m3rAvA_Mgi44BoI6Q,https://s3-media4.fl.yelpcdn.com/bphoto/Alyz18jY0LWr0PxK2iblmA/o.jpg,False,108-40 Corona Ave,,,Flushing,US,"['108-40 Corona Ave', 'Flushing, NY 11368']",NY,11368,La Fogata,+13477384616,$$,3.5,7,"['delivery', 'pickup']",https://www.yelp.com/biz/la-fogata-flushing?adjust_creative=Uu3HbS4pg129T9EGGOQ4HQ&utm_campaign=yelp_api_v3&utm_medium=api_v3_business_search&utm_source=Uu3HbS4pg129T9EGGOQ4HQ
122,chipichape-bakery-sunnyside,"[{'alias': 'bakeries', 'title': 'Bakeries'}, {'alias': 'colombian', 'title': 'Colombian'}]",40.7415010270763,-73.9198876513123,(347) 848-0887,7442.434639901058,XDNTNKo_y-rKaz2j6baDZg,https://s3-media1.fl.yelpcdn.com/bphoto/wDn0KUsVu5BoYEL-yfl2Ug/o.jpg,False,4553 45th St,,,Sunnyside,US,"['4553 45th St', 'Sunnyside, NY 11104']",NY,11104,Chipichape Bakery,+13478480887,$,4.0,8,"['delivery', 'pickup']",https://www.yelp.com/biz/chipichape-bakery-sunnyside?adjust_creative=Uu3HbS4pg129T9EGGOQ4HQ&utm_campaign=yelp_api_v3&utm_medium=api_v3_business_search&utm_source=Uu3HbS4pg129T9EGGOQ4HQ
123,los-paisitas-bakery-elmhurst,"[{'alias': 'bakeries', 'title': 'Bakeries'}, {'alias': 'breakfast_brunch', 'title': 'Breakfast & Brunch'}, {'alias': 'colombian', 'title': 'Colombian'}]",40.73649,-73.87816,(718) 396-1398,10374.204663591778,krOf8UdhGNfOO9PagY_8vg,https://s3-media3.fl.yelpcdn.com/bphoto/0rJNCkWQ6-6yrHzOZ8D6Rw/o.jpg,False,87-11 Grand Ave,,,Elmhurst,US,"['87-11 Grand Ave', 'Elmhurst, NY 11373']",NY,11373,Los Paisitas Bakery,+17183961398,$$,4.0,10,[],https://www.yelp.com/biz/los-paisitas-bakery-elmhurst?adjust_creative=Uu3HbS4pg129T9EGGOQ4HQ&utm_campaign=yelp_api_v3&utm_medium=api_v3_business_search&utm_source=Uu3HbS4pg129T9EGGOQ4HQ
127,noches-de-colombia-south-hackensack,"[{'alias': 'colombian', 'title': 'Colombian'}]",40.8556845,-74.0450481,(201) 880-7477,17243.800358697386,w2vJzCXD6lodkFdc3cKkSg,https://s3-media1.fl.yelpcdn.com/bphoto/R-I-EckZ6AIsRF4FZFb0KQ/o.jpg,False,370 Rte 46,,,South Hackensack,US,"['370 Rte 46', 'South Hackensack, NJ 07643']",NJ,07643,Noches de Colombia,+12018807477,$$,3.5,42,[],https://www.yelp.com/biz/noches-de-colombia-south-hackensack?adjust_creative=Uu3HbS4pg129T9EGGOQ4HQ&utm_campaign=yelp_api_v3&utm_medium=api_v3_business_search&utm_source=Uu3HbS4pg129T9EGGOQ4HQ
130,la-perrada-de-chalo-jackson-heights,"[{'alias': 'burgers', 'title': 'Burgers'}, {'alias': 'hotdog', 'title': 'Hot Dogs'}, {'alias': 'colombian', 'title': 'Colombian'}]",40.7555428,-73.884175,(718) 639-6677,10832.684706602808,8HDHrqq2GYhfieRlmuCAPg,https://s3-media4.fl.yelpcdn.com/bphoto/zFm-Dwx3_PcV2Ro9RHyjfQ/o.jpg,False,8312 Northern Blvd,,,Jackson Heights,US,"['8312 Northern Blvd', 'Jackson Heights, NY 11372']",NY,11372,La Perrada De Chalo,+17186396677,$,3.5,79,[],https://www.yelp.com/biz/la-perrada-de-chalo-jackson-heights?adjust_creative=Uu3HbS4pg129T9EGGOQ4HQ&utm_campaign=yelp_api_v3&utm_medium=api_v3_business_search&utm_source=Uu3HbS4pg129T9EGGOQ4HQ
131,la-pollera-colorada-ii-jackson-heights-2,"[{'alias': 'colombian', 'title': 'Colombian'}]",40.755887,-73.884852,(718) 424-6531,10790.264058447632,QQYxYJaD3ZaQwBUhuAJazQ,https://s3-media2.fl.yelpcdn.com/bphoto/OcXgloifrI9Gpkb6OiQdLQ/o.jpg,False,8213 Northern Blvd,,,Jackson Heights,US,"['8213 Northern Blvd', 'Jackson Heights, NY 11372']",NY,11372,La Pollera Colorada II,+17184246531,$$,3.0,45,[],https://www.yelp.com/biz/la-pollera-colorada-ii-jackson-heights-2?adjust_creative=Uu3HbS4pg129T9EGGOQ4HQ&utm_campaign=yelp_api_v3&utm_medium=api_v3_business_search&utm_source=Uu3HbS4pg129T9EGGOQ4HQ
132,post-point-cafe-staten-island-5,"[{'alias': 'argentine', 'title': 'Argentine'}, {'alias': 'italian', 'title': 'Italian'}, {'alias': 'colombian', 'title': 'Colombian'}]",40.633939,-74.135818,(718) 682-1268,14335.164799859533,Hg9fCQOEOX-PlKUjWQ56FQ,https://s3-media2.fl.yelpcdn.com/bphoto/IBf03G6lTJsXcXmQZAviWA/o.jpg,False,1065 Post Ave,,,Staten Island,US,"['1065 Post Ave', 'Staten Island, NY 10302']",NY,10302,Post Point Cafe,+17186821268,,5.0,2,[],https://www.yelp.com/biz/post-point-cafe-staten-island-5?adjust_creative=Uu3HbS4pg129T9EGGOQ4HQ&utm_campaign=yelp_api_v3&utm_medium=api_v3_business_search&utm_source=Uu3HbS4pg129T9EGGOQ4HQ
133,colombian-house-new-rochelle,"[{'alias': 'colombian', 'title': 'Colombian'}, {'alias': 'coffee', 'title': 'Coffee & Tea'}]",40.9070015766012,-73.7849400539497,(914) 365-1911,28509.270616974667,fEW7QccMEt0r4Y9mRTXguQ,https://s3-media2.fl.yelpcdn.com/bphoto/gcHY0d9Uo-njWqiYKF2wUA/o.jpg,False,585 Main St,,,New Rochelle,US,"['585 Main St', 'New Rochelle, NY 10801']",NY,10801,Colombian House,+19143651911,$$,4.5,29,[],https://www.yelp.com/biz/colombian-house-new-rochelle?adjust_creative=Uu3HbS4pg129T9EGGOQ4HQ&utm_campaign=yelp_api_v3&utm_medium=api_v3_business_search&utm_source=Uu3HbS4pg129T9EGGOQ4HQ
134,delicias-calenas-corona,"[{'alias': 'colombian', 'title': 'Colombian'}, {'alias': 'bakeries', 'title': 'Bakeries'}]",40.7499352097511,-73.8624814152718,,12159.249831444045,-FtVsB2ym_0icr7I2kX8Rw,https://s3-media3.fl.yelpcdn.com/bphoto/aRELiGvLA3_BpQaNZg8xqA/o.jpg,False,103-07 Roosevelt Ave,,,Corona,US,"['103-07 Roosevelt Ave', 'Corona, NY 11368']",NY,11368,Delicias Calenas,,,5.0,1,[],https://www.yelp.com/biz/delicias-calenas-corona?adjust_creative=Uu3HbS4pg129T9EGGOQ4HQ&utm_campaign=yelp_api_v3&utm_medium=api_v3_business_search&utm_source=Uu3HbS4pg129T9EGGOQ4HQ
136,barriles-restaurant-and-sports-bar-queens,"[{'alias': 'colombian', 'title': 'Colombian'}, {'alias': 'sportsbars', 'title': 'Sports Bars'}, {'alias': 'tradamerican', 'title': 'American (Traditional)'}]",40.74966,-73.88267,(347) 649-1511,10613.015891536297,okShSwX3iNeQ4os3751yOg,https://s3-media4.fl.yelpcdn.com/bphoto/uxGqcGe2nH1wDJ0Mi9PXVQ/o.jpg,False,83-14 37th Ave,,,Queens,US,"['83-14 37th Ave', 'Queens, NY 11372']",NY,11372,Barriles Restaurant and Sports Bar,+13476491511,$$,4.0,45,"['delivery', 'pickup']",https://www.yelp.com/biz/barriles-restaurant-and-sports-bar-queens?adjust_creative=Uu3HbS4pg129T9EGGOQ4HQ&utm_campaign=yelp_api_v3&utm_medium=api_v3_business_search&utm_source=Uu3HbS4pg129T9EGGOQ4HQ
137,noches-de-colombia-fairview-3,"[{'alias': 'colombian', 'title': 'Colombian'}]",40.81017,-74.00118,(201) 945-2897,11660.279734026342,e4KXUUql0phLmdpJmvQ4Ug,https://s3-media2.fl.yelpcdn.com/bphoto/JbvYwjuSd0UBETvJbnZaAg/o.jpg,False,354 Fairview Ave,,,Fairview,US,"['354 Fairview Ave', 'Fairview, NJ 07022']",NJ,07022,Noches De Colombia,+12019452897,$$,3.5,83,[],https://www.yelp.com/biz/noches-de-colombia-fairview-3?adjust_creative=Uu3HbS4pg129T9EGGOQ4HQ&utm_campaign=yelp_api_v3&utm_medium=api_v3_business_search&utm_source=Uu3HbS4pg129T9EGGOQ4HQ
139,colombia-con-sabor-queens,"[{'alias': 'colombian', 'title': 'Colombian'}, {'alias': 'cocktailbars', 'title': 'Cocktail Bars'}, {'alias': 'icecream', 'title': 'Ice Cream & Frozen Yogurt'}]",40.75599,-73.88375,(718) 205-7000,10877.923319620138,8iUuCqFQnJ6t1nI5_GLDFA,https://s3-media2.fl.yelpcdn.com/bphoto/w1Ahh4fTXKweqEh_orwAhA/o.jpg,False,83-17 Northern Blvd,,,Queens,US,"['83-17 Northern Blvd', 'Queens, NY 11372']",NY,11372,Colombia Con Sabor,+17182057000,$$,2.5,7,"['delivery', 'pickup']",https://www.yelp.com/biz/colombia-con-sabor-queens?adjust_creative=Uu3HbS4pg129T9EGGOQ4HQ&utm_campaign=yelp_api_v3&utm_medium=api_v3_business_search&utm_source=Uu3HbS4pg129T9EGGOQ4HQ
145,cafeteria-55-queens-2,"[{'alias': 'colombian', 'title': 'Colombian'}, {'alias': 'cafeteria', 'title': 'Cafeteria'}, {'alias': 'spanish', 'title': 'Spanish'}]",40.75369,-73.90612,(718) 433-9006,9140.453256378436,gQ3T-1I2BFq51zGboiIsyg,https://s3-media1.fl.yelpcdn.com/bphoto/bz6vKExL9_xJR6Ub9FP95Q/o.jpg,False,5411 Northern Blvd,,,Queens,US,"['5411 Northern Blvd', 'Queens, NY 11377']",NY,11377,Cafeteria 55,+17184339006,,3.0,3,"['delivery', 'pickup']",https://www.yelp.com/biz/cafeteria-55-queens-2?adjust_creative=Uu3HbS4pg129T9EGGOQ4HQ&utm_campaign=yelp_api_v3&utm_medium=api_v3_business_search&utm_source=Uu3HbS4pg129T9EGGOQ4HQ
150,la-gata-golosa-bakery-and-restaurant-elmhurst,"[{'alias': 'bakeries', 'title': 'Bakeries'}, {'alias': 'colombian', 'title': 'Colombian'}]",40.7504654630586,-73.8776680827141,(718) 779-1747,11029.01495978113,5dASGzbYSCTGkuitl0Wgrw,https://s3-media2.fl.yelpcdn.com/bphoto/PWFBsks-GfIi2b-PvHayvQ/o.jpg,False,89-1 37th Ave,,,Elmhurst,US,"['89-1 37th Ave', 'Elmhurst, NY 11372']",NY,11372,La Gata Golosa Bakery & Restaurant,+17187791747,$,2.5,36,[],https://www.yelp.com/biz/la-gata-golosa-bakery-and-restaurant-elmhurst?adjust_creative=Uu3HbS4pg129T9EGGOQ4HQ&utm_campaign=yelp_api_v3&utm_medium=api_v3_business_search&utm_source=Uu3HbS4pg129T9EGGOQ4HQ
151,la-abundancia-jackson-heights-4,"[{'alias': 'bakeries', 'title': 'Bakeries'}, {'alias': 'colombian', 'title': 'Colombian'}]",40.7468356,-73.8903055,(718) 205-5021,9900.056711014502,UBKrFwZOQNjRwN5HW4j5Rw,https://s3-media2.fl.yelpcdn.com/bphoto/PNaijBDiXygeaTaJ2734wA/o.jpg,False,75-02 Roosevelt Ave,,,Jackson Heights,US,"['75-02 Roosevelt Ave', 'Jackson Heights, NY 11373']",NY,11373,La Abundancia,+17182055021,$,2.5,51,"['pickup', 'delivery']",https://www.yelp.com/biz/la-abundancia-jackson-heights-4?adjust_creative=Uu3HbS4pg129T9EGGOQ4HQ&utm_campaign=yelp_api_v3&utm_medium=api_v3_business_search&utm_source=Uu3HbS4pg129T9EGGOQ4HQ
153,noches-de-colombia-union-city,"[{'alias': 'colombian', 'title': 'Colombian'}, {'alias': 'seafood', 'title': 'Seafood'}, {'alias': 'cafes', 'title': 'Cafes'}]",40.77893,-74.02422,(201) 863-3165,8553.882742759031,IWYjJnnKWoKsEEe7-991-A,https://s3-media4.fl.yelpcdn.com/bphoto/Gy2Ugim6pQ7RwIARNHeedA/o.jpg,False,4329 Bergenline Ave,,,Union City,US,"['4329 Bergenline Ave', 'Union City, NJ 07087']",NJ,07087,Noches De Colombia,+12018633165,$$,4.0,104,[],https://www.yelp.com/biz/noches-de-colombia-union-city?adjust_creative=Uu3HbS4pg129T9EGGOQ4HQ&utm_campaign=yelp_api_v3&utm_medium=api_v3_business_search&utm_source=Uu3HbS4pg129T9EGGOQ4HQ
154,pimpollo-east-elmhurst,"[{'alias': 'colombian', 'title': 'Colombian'}]",40.7574577331543,-73.8739013671875,(718) 205-5508,11677.18222600688,wVykvKDYlsmdlS1oXAJ0Dw,https://s3-media1.fl.yelpcdn.com/bphoto/tDxHhNAPkU_2Bw2DpOatJg/o.jpg,False,32-39 Junction Blvd,,,East Elmhurst,US,"['32-39 Junction Blvd', 'East Elmhurst, NY 11369']",NY,11369,PimPollo,+17182055508,$$,4.0,12,"['delivery', 'pickup']",https://www.yelp.com/biz/pimpollo-east-elmhurst?adjust_creative=Uu3HbS4pg129T9EGGOQ4HQ&utm_campaign=yelp_api_v3&utm_medium=api_v3_business_search&utm_source=Uu3HbS4pg129T9EGGOQ4HQ
155,tu-casa-restaurant-forest-hills,"[{'alias': 'peruvian', 'title': 'Peruvian'}, {'alias': 'dominican', 'title': 'Dominican'}, {'alias': 'colombian', 'title': 'Colombian'}]",40.7246355785539,-73.8499445160302,(718) 275-2421,12351.658350960464,jNmQ81wyyjHkBBmZ6oSsew,https://s3-media3.fl.yelpcdn.com/bphoto/hhO0owSzbGh-hernIR7E2w/o.jpg,False,103-11 Queens Blvd,,,Forest Hills,US,"['103-11 Queens Blvd', 'Forest Hills, NY 11366']",NY,11366,Tu Casa Restaurant,+17182752421,$$,3.0,89,"['delivery', 'pickup', 'restaurant_reservation']",https://www.yelp.com/biz/tu-casa-restaurant-forest-hills?adjust_creative=Uu3HbS4pg129T9EGGOQ4HQ&utm_campaign=yelp_api_v3&utm_medium=api_v3_business_search&utm_source=Uu3HbS4pg129T9EGGOQ4HQ
156,noches-de-colombia-elizabeth,"[{'alias': 'colombian', 'title': 'Colombian'}, {'alias': 'coffee', 'title': 'Coffee & Tea'}, {'alias': 'breakfast_brunch', 'title': 'Breakfast & Brunch'}]",40.6449593928541,-74.2127170667962,(908) 353-7000,19609.56358020775,79C7QZS5xTCS5dyiwM5SnA,https://s3-media3.fl.yelpcdn.com/bphoto/Sm4v8JUBymI2A2fwJB-IGA/o.jpg,False,545 Bayway Ave,,,Elizabeth,US,"['545 Bayway Ave', 'Elizabeth, NJ 07202']",NJ,07202,Noches de Colombia,+19083537000,$$,3.5,126,[],https://www.yelp.com/biz/noches-de-colombia-elizabeth?adjust_creative=Uu3HbS4pg129T9EGGOQ4HQ&utm_campaign=yelp_api_v3&utm_medium=api_v3_business_search&utm_source=Uu3HbS4pg129T9EGGOQ4HQ
157,pollos-a-la-brasa-mario-union-city,"[{'alias': 'chickenshop', 'title': 'Chicken Shop'}, {'alias': 'colombian', 'title': 'Colombian'}]",40.7781,-74.02488,(201) 293-0107,8479.596927633891,XZHE7vGtB_bSS7-Ha9nIpQ,https://s3-media2.fl.yelpcdn.com/bphoto/kpPdZ-5aXzFwJvbC1qvaCA/o.jpg,False,4215 Bergenline Ave,,,Union City,US,"['4215 Bergenline Ave', 'Union City, NJ 07087']",NJ,07087,Pollos A La Brasa Mario,+12012930107,$$,3.5,40,"['delivery', 'pickup']",https://www.yelp.com/biz/pollos-a-la-brasa-mario-union-city?adjust_creative=Uu3HbS4pg129T9EGGOQ4HQ&utm_campaign=yelp_api_v3&utm_medium=api_v3_business_search&utm_source=Uu3HbS4pg129T9EGGOQ4HQ
159,noches-de-colombia-west-new-york,"[{'alias': 'colombian', 'title': 'Colombian'}, {'alias': 'seafood', 'title': 'Seafood'}, {'alias': 'cafes', 'title': 'Cafes'}]",40.79273,-74.01376,(201) 662-2220,9844.322398145267,qKz19YVOGWA-PJxefq4Fsw,https://s3-media2.fl.yelpcdn.com/bphoto/xH4N1FIbL4Z-KMsvpVdnMg/o.jpg,False,6407 Bergenline Ave,,,West New York,US,"['6407 Bergenline Ave', 'West New York, NJ 07093']",NJ,07093,Noches De Colombia,+12016622220,$$,3.5,27,[],https://www.yelp.com/biz/noches-de-colombia-west-new-york?adjust_creative=Uu3HbS4pg129T9EGGOQ4HQ&utm_campaign=yelp_api_v3&utm_medium=api_v3_business_search&utm_source=Uu3HbS4pg129T9EGGOQ4HQ
160,yeras-restaurant-sports-bar-jackson-heights,"[{'alias': 'colombian', 'title': 'Colombian'}]",40.7560766643757,-73.8812733069062,(929) 522-0844,11062.955192446223,qSAtr6rUqvJP3HH321ktnQ,https://s3-media1.fl.yelpcdn.com/bphoto/pIC-yZ05mRi11aCNo--iZQ/o.jpg,False,86-09 Northern Blvd,,,Jackson Heights,US,"['86-09 Northern Blvd', 'Jackson Heights, NY 11372']",NY,11372,Yeras Restaurant Sports Bar,+19295220844,$$,3.0,19,"['delivery', 'pickup']",https://www.yelp.com/biz/yeras-restaurant-sports-bar-jackson-heights?adjust_creative=Uu3HbS4pg129T9EGGOQ4HQ&utm_campaign=yelp_api_v3&utm_medium=api_v3_business_search&utm_source=Uu3HbS4pg129T9EGGOQ4HQ
161,el-mordisco-sports-bar-and-restaurant-jackson-heights,"[{'alias': 'sportsbars', 'title': 'Sports Bars'}, {'alias': 'colombian', 'title': 'Colombian'}]",40.747975,-73.880599,(347) 612-4111,10684.260502741472,JAO7lU312SeWRs4LcW7pdQ,https://s3-media1.fl.yelpcdn.com/bphoto/E_xLxUCIuj1c2rLZmCnx6Q/o.jpg,False,8514 Roosevelt Ave,,,Jackson Heights,US,"['8514 Roosevelt Ave', 'Jackson Heights, NY 11372']",NY,11372,El Mordisco Sports Bar & Restaurant,+13476124111,$$,5.0,2,"['delivery', 'pickup']",https://www.yelp.com/biz/el-mordisco-sports-bar-and-restaurant-jackson-heights?adjust_creative=Uu3HbS4pg129T9EGGOQ4HQ&utm_campaign=yelp_api_v3&utm_medium=api_v3_business_search&utm_source=Uu3HbS4pg129T9EGGOQ4HQ
164,burger-express-corona,"[{'alias': 'colombian', 'title': 'Colombian'}]",40.74253,-73.854751,(718) 271-1616,12461.395154205376,UQq8XpcGuFLXOBYK_ER2KQ,https://s3-media3.fl.yelpcdn.com/bphoto/14efnz1r_Qay87Ce4Qt0xQ/o.jpg,False,5302 108th St,,,Corona,US,"['5302 108th St', 'Corona, NY 11368']",NY,11368,Burger Express,+17182711616,$,3.5,10,[],https://www.yelp.com/biz/burger-express-corona?adjust_creative=Uu3HbS4pg129T9EGGOQ4HQ&utm_campaign=yelp_api_v3&utm_medium=api_v3_business_search&utm_source=Uu3HbS4pg129T9EGGOQ4HQ
165,happy-paisa-chicken-newark,"[{'alias': 'colombian', 'title': 'Colombian'}]",40.75738,-74.17402,(973) 483-4130,16210.62981539879,XgVOX8QBLtDK98me0DA0fA,https://s3-media1.fl.yelpcdn.com/bphoto/ybXkSSy4bJxg6YuS9HYUqA/o.jpg,False,119 Bloomfield Ave,,,Newark,US,"['119 Bloomfield Ave', 'Newark, NJ 07104']",NJ,07104,Happy Paisa Chicken,+19734834130,$$,4.5,18,[],https://www.yelp.com/biz/happy-paisa-chicken-newark?adjust_creative=Uu3HbS4pg129T9EGGOQ4HQ&utm_campaign=yelp_api_v3&utm_medium=api_v3_business_search&utm_source=Uu3HbS4pg129T9EGGOQ4HQ
166,casa-colombia-jackson-heights,"[{'alias': 'colombian', 'title': 'Colombian'}]",40.7482276,-73.8796304,(718) 779-6459,10781.599751088204,ra7q4iMFzlNcezyMp0KJHw,https://s3-media4.fl.yelpcdn.com/bphoto/W4Hd1WhBecEpVbSIw9Oc2Q/o.jpg,False,8623 Roosevelt Ave,,,Jackson Heights,US,"['8623 Roosevelt Ave', 'Jackson Heights, NY 11372']",NY,11372,Casa Colombia,+17187796459,$$,3.0,30,[],https://www.yelp.com/biz/casa-colombia-jackson-heights?adjust_creative=Uu3HbS4pg129T9EGGOQ4HQ&utm_campaign=yelp_api_v3&utm_medium=api_v3_business_search&utm_source=Uu3HbS4pg129T9EGGOQ4HQ
167,cali-aji-con-sabor-restaurant-east-elmhurst,"[{'alias': 'colombian', 'title': 'Colombian'}]",40.76247,-73.8707699,(718) 476-8935,12187.758557387082,OIAsPnIsWfWsZBe5aTWElw,https://s3-media4.fl.yelpcdn.com/bphoto/jrxAgJUbBgIxcCDNRHB0JA/o.jpg,False,9815 Astoria Blvd,,,East Elmhurst,US,"['9815 Astoria Blvd', 'East Elmhurst, NY 11369']",NY,11369,Cali Aji Con Sabor Restaurant,+17184768935,$,4.0,9,[],https://www.yelp.com/biz/cali-aji-con-sabor-restaurant-east-elmhurst?adjust_creative=Uu3HbS4pg129T9EGGOQ4HQ&utm_campaign=yelp_api_v3&utm_medium=api_v3_business_search&utm_source=Uu3HbS4pg129T9EGGOQ4HQ
168,centro-latino-ii-west-new-york,"[{'alias': 'cuban', 'title': 'Cuban'}, {'alias': 'colombian', 'title': 'Colombian'}, {'alias': 'breakfast_brunch', 'title': 'Breakfast & Brunch'}]",40.789459,-74.005378,(201) 295-0001,9389.481670211619,0qDyDGsZDGZ-34LuAJFQGA,https://s3-media4.fl.yelpcdn.com/bphoto/Wy0B_p0eHBUn3YYdtp9koA/o.jpg,False,6500 Park Ave,,,West New York,US,"['6500 Park Ave', 'West New York, NJ 07093']",NJ,07093,Centro Latino II,+12012950001,$$,4.0,43,[],https://www.yelp.com/biz/centro-latino-ii-west-new-york?adjust_creative=Uu3HbS4pg129T9EGGOQ4HQ&utm_campaign=yelp_api_v3&utm_medium=api_v3_business_search&utm_source=Uu3HbS4pg129T9EGGOQ4HQ
170,noches-restaurant-and-bakery-union-city-2,"[{'alias': 'colombian', 'title': 'Colombian'}, {'alias': 'bakeries', 'title': 'Bakeries'}, {'alias': 'cafes', 'title': 'Cafes'}]",40.7705498,-74.0305981,(201) 766-8080,7859.008905235404,FepzIMyEox7Prem6GeFfyQ,https://s3-media4.fl.yelpcdn.com/bphoto/8j4HVsjiAMAjrl3rjGDaWQ/o.jpg,False,2821 Bergenline Ave,,,Union City,US,"['2821 Bergenline Ave', 'Union City, NJ 07087']",NJ,07087,Noches Restaurant & Bakery,+12017668080,$$,3.5,39,[],https://www.yelp.com/biz/noches-restaurant-and-bakery-union-city-2?adjust_creative=Uu3HbS4pg129T9EGGOQ4HQ&utm_campaign=yelp_api_v3&utm_medium=api_v3_business_search&utm_source=Uu3HbS4pg129T9EGGOQ4HQ
172,emys-colombian-fast-food-cliffside-park,"[{'alias': 'hotdogs', 'title': 'Fast Food'}, {'alias': 'colombian', 'title': 'Colombian'}]",40.8200989,-73.9888687,(201) 282-4914,12766.584822340943,32PWv0CHi9jUVW5XhBuKNA,https://s3-media2.fl.yelpcdn.com/bphoto/seFTpMUhDeBZJ3mO24zWlQ/o.jpg,False,455 Palisade Ave,,,Cliffside Park,US,"['455 Palisade Ave', 'Cliffside Park, NJ 07010']",NJ,07010,Emy's Colombian Fast Food,+12012824914,$$,4.0,5,[],https://www.yelp.com/biz/emys-colombian-fast-food-cliffside-park?adjust_creative=Uu3HbS4pg129T9EGGOQ4HQ&utm_campaign=yelp_api_v3&utm_medium=api_v3_business_search&utm_source=Uu3HbS4pg129T9EGGOQ4HQ
173,envigado-restaurant-and-bakery-west-new-york,"[{'alias': 'bakeries', 'title': 'Bakeries'}, {'alias': 'colombian', 'title': 'Colombian'}]",40.7836534,-74.0200724,(201) 902-9701,8957.451209733326,YHF62Td6d0MdiX5Tpx5iZA,https://s3-media3.fl.yelpcdn.com/bphoto/kyvfVP2tuP9UO6wK38mkrg/o.jpg,False,5114 Bergenline Ave,,,West New York,US,"['5114 Bergenline Ave', 'West New York, NJ 07093']",NJ,07093,Envigado Restaurant & Bakery,+12019029701,$,3.5,5,[],https://www.yelp.com/biz/envigado-restaurant-and-bakery-west-new-york?adjust_creative=Uu3HbS4pg129T9EGGOQ4HQ&utm_campaign=yelp_api_v3&utm_medium=api_v3_business_search&utm_source=Uu3HbS4pg129T9EGGOQ4HQ
177,gusto-and-sabor-colombiano-restaurant-union,"[{'alias': 'colombian', 'title': 'Colombian'}]",40.6965,-74.27112,(908) 686-6380,23352.521607308547,GYERPYvYkxmQzVykhnsVjw,https://s3-media3.fl.yelpcdn.com/bphoto/17OzePwvdBRMgQwC9qdoVg/o.jpg,False,2022C Morris Ave,,,Union,US,"['2022C Morris Ave', 'Union, NJ 07083']",NJ,07083,Gusto & Sabor Colombiano Restaurant,+19086866380,$$,4.0,21,[],https://www.yelp.com/biz/gusto-and-sabor-colombiano-restaurant-union?adjust_creative=Uu3HbS4pg129T9EGGOQ4HQ&utm_campaign=yelp_api_v3&utm_medium=api_v3_business_search&utm_source=Uu3HbS4pg129T9EGGOQ4HQ
178,noches-de-colombia-belleville,"[{'alias': 'colombian', 'title': 'Colombian'}]",40.7931952961565,-74.150419607332,(973) 969-5131,16376.09093465606,B99bNih3ToAQWmigkJAPkw,https://s3-media4.fl.yelpcdn.com/bphoto/y9hmvnGtOIOZJVOmLrrrvA/o.jpg,False,369 Washington Ave,,,Belleville,US,"['369 Washington Ave', 'Belleville, NJ 07109']",NJ,07109,Noches De Colombia,+19739695131,$$,3.0,118,[],https://www.yelp.com/biz/noches-de-colombia-belleville?adjust_creative=Uu3HbS4pg129T9EGGOQ4HQ&utm_campaign=yelp_api_v3&utm_medium=api_v3_business_search&utm_source=Uu3HbS4pg129T9EGGOQ4HQ
179,noches-de-colombia-montclair,"[{'alias': 'steak', 'title': 'Steakhouses'}, {'alias': 'colombian', 'title': 'Colombian'}, {'alias': 'seafood', 'title': 'Seafood'}]",40.80923,-74.213267,(973) 744-3363,21756.620111129527,ZO9dbcWHLGBeBRZGADfImw,https://s3-media3.fl.yelpcdn.com/bphoto/NBtF5oyhp2oVj7b7gQ5stQ/o.jpg,False,19 Elm St,,,Montclair,US,"['19 Elm St', 'Montclair, NJ 07042']",NJ,07042,Noches de Colombia,+19737443363,$$,3.5,237,"['delivery', 'pickup']",https://www.yelp.com/biz/noches-de-colombia-montclair?adjust_creative=Uu3HbS4pg129T9EGGOQ4HQ&utm_campaign=yelp_api_v3&utm_medium=api_v3_business_search&utm_source=Uu3HbS4pg129T9EGGOQ4HQ
180,la-abundancia-jackson-heights-3,"[{'alias': 'colombian', 'title': 'Colombian'}]",40.7503087500099,-73.8778947293758,(718) 803-5201,11004.100190956517,kTvbqksCLZDfpgJ4P-rFuQ,https://s3-media3.fl.yelpcdn.com/bphoto/EPjPiAZyWeJo5Znd3xF2pg/o.jpg,False,8826 37th Ave,,,Jackson Heights,US,"['8826 37th Ave', 'Jackson Heights, NY 11372']",NY,11372,La Abundancia,+17188035201,$,3.0,5,"['pickup', 'delivery']",https://www.yelp.com/biz/la-abundancia-jackson-heights-3?adjust_creative=Uu3HbS4pg129T9EGGOQ4HQ&utm_campaign=yelp_api_v3&utm_medium=api_v3_business_search&utm_source=Uu3HbS4pg129T9EGGOQ4HQ
181,la-pollera-colorada-3-corona,"[{'alias': 'colombian', 'title': 'Colombian'}]",40.7457314,-73.868103,,11605.93229173214,g5Mdm9ShFnDNqriAiKXHkA,https://s3-media4.fl.yelpcdn.com/bphoto/1wHGSZxru3daZmZ50NKqeQ/o.jpg,False,40-13A Junction Blvd,,,Corona,US,"['40-13A Junction Blvd', 'Corona, NY 11368']",NY,11368,La Pollera Colorada 3,,$$,3.0,8,[],https://www.yelp.com/biz/la-pollera-colorada-3-corona?adjust_creative=Uu3HbS4pg129T9EGGOQ4HQ&utm_campaign=yelp_api_v3&utm_medium=api_v3_business_search&utm_source=Uu3HbS4pg129T9EGGOQ4HQ
184,mi-rinconcito-colombiano-west-new-york-3,"[{'alias': 'colombian', 'title': 'Colombian'}, {'alias': 'bars', 'title': 'Bars'}, {'alias': 'venues', 'title': 'Venues & Event Spaces'}]",40.7924099,-74.014,(201) 605-5777,9807.95248376883,v23f4FeLkq-bP_pyQkGB8g,https://s3-media2.fl.yelpcdn.com/bphoto/zvJEqELNuYG8vERJ3hOx_g/o.jpg,False,6319 Bergenline Ave,,,West New York,US,"['6319 Bergenline Ave', 'West New York, NJ 07093']",NJ,07093,Mi Rinconcito Colombiano,+12016055777,$$,3.5,32,[],https://www.yelp.com/biz/mi-rinconcito-colombiano-west-new-york-3?adjust_creative=Uu3HbS4pg129T9EGGOQ4HQ&utm_campaign=yelp_api_v3&utm_medium=api_v3_business_search&utm_source=Uu3HbS4pg129T9EGGOQ4HQ
186,hudson-diner-jersey-city-2,"[{'alias': 'diners', 'title': 'Diners'}, {'alias': 'colombian', 'title': 'Colombian'}]",40.7306409,-74.0619898,(201) 360-2801,6370.644864115996,FgePlEDlyK3vsGqpw8EpeA,https://s3-media4.fl.yelpcdn.com/bphoto/AymuUPB22Lv15klEFSzf4A/o.jpg,False,64 Sip Ave,,,Jersey City,US,"['64 Sip Ave', 'Jersey City, NJ 07306']",NJ,07306,Hudson Diner,+12013602801,,3.5,5,[],https://www.yelp.com/biz/hudson-diner-jersey-city-2?adjust_creative=Uu3HbS4pg129T9EGGOQ4HQ&utm_campaign=yelp_api_v3&utm_medium=api_v3_business_search&utm_source=Uu3HbS4pg129T9EGGOQ4HQ
187,sazon-colombia-bakery-café-queens,"[{'alias': 'cafes', 'title': 'Cafes'}, {'alias': 'colombian', 'title': 'Colombian'}, {'alias': 'bakeries', 'title': 'Bakeries'}]",40.7482004473843,-73.8768563298025,(718) 433-9025,10978.771767634076,hAOXKahZb7sEY9K2NfCrMw,https://s3-media2.fl.yelpcdn.com/bphoto/SBv0ZAhHqf1Lh8AawYJp5Q/o.jpg,False,89-26 Roosevelt Ave,,,Queens,US,"['89-26 Roosevelt Ave', 'Queens, NY 11372']",NY,11372,Sazon Colombia Bakery Café,+17184339025,$,4.5,2,[],https://www.yelp.com/biz/sazon-colombia-bakery-caf%C3%A9-queens?adjust_creative=Uu3HbS4pg129T9EGGOQ4HQ&utm_campaign=yelp_api_v3&utm_medium=api_v3_business_search&utm_source=Uu3HbS4pg129T9EGGOQ4HQ
189,rancho-mateo-elizabeth-3,"[{'alias': 'steak', 'title': 'Steakhouses'}, {'alias': 'colombian', 'title': 'Colombian'}]",40.6690015712326,-74.2171003167274,(908) 662-0828,19218.44972674505,2WdoQYH5u3OCJjWte4wxeA,https://s3-media2.fl.yelpcdn.com/bphoto/zCfPMmnMQp-mb48bRIG8Dw/o.jpg,False,27 Westfield Ave,,,Elizabeth,US,"['27 Westfield Ave', 'Elizabeth, NJ 07208']",NJ,07208,Rancho Mateo,+19086620828,$$,4.0,57,[],https://www.yelp.com/biz/rancho-mateo-elizabeth-3?adjust_creative=Uu3HbS4pg129T9EGGOQ4HQ&utm_campaign=yelp_api_v3&utm_medium=api_v3_business_search&utm_source=Uu3HbS4pg129T9EGGOQ4HQ
190,sutagao-maplewood-4,"[{'alias': 'colombian', 'title': 'Colombian'}]",40.73156,-74.27636,(973) 762-6688,23948.975705928922,hDR6z5MH1fgzVRU35hRzkg,https://s3-media1.fl.yelpcdn.com/bphoto/8WNeSpomsNoqmKyB5noypw/o.jpg,False,149 Maplewood Ave,,,Maplewood,US,"['149 Maplewood Ave', 'Maplewood, NJ 07040']",NJ,07040,Sutagao,+19737626688,,5.0,10,[],https://www.yelp.com/biz/sutagao-maplewood-4?adjust_creative=Uu3HbS4pg129T9EGGOQ4HQ&utm_campaign=yelp_api_v3&utm_medium=api_v3_business_search&utm_source=Uu3HbS4pg129T9EGGOQ4HQ
192,bocaditos-colombianos-newark,"[{'alias': 'colombian', 'title': 'Colombian'}]",40.7320365052456,-74.1560171149844,(973) 901-9277,13946.630767769888,dudPShgH387TCzr_VebtHQ,https://s3-media2.fl.yelpcdn.com/bphoto/uYZk6x3R_8jPBzwzsbJUSg/o.jpg,False,520 Market St,,,Newark,US,"['520 Market St', 'Newark, NJ 07105']",NJ,07105,Bocaditos Colombianos,+19739019277,,5.0,1,[],https://www.yelp.com/biz/bocaditos-colombianos-newark?adjust_creative=Uu3HbS4pg129T9EGGOQ4HQ&utm_campaign=yelp_api_v3&utm_medium=api_v3_business_search&utm_source=Uu3HbS4pg129T9EGGOQ4HQ
194,noches-west-new-york-5,"[{'alias': 'colombian', 'title': 'Colombian'}]",40.7824330755995,-74.021486483134,(201) 713-9919,8861.918456492916,kMY5WzUz8iRkvvJAa4qUpw,https://s3-media4.fl.yelpcdn.com/bphoto/CLS272M3O1zTPUtVIruobw/o.jpg,False,4907 Bergenline Ave,,,West New York,US,"['4907 Bergenline Ave', 'West New York, NJ 07093']",NJ,07093,Noches,+12017139919,$$,3.5,22,[],https://www.yelp.com/biz/noches-west-new-york-5?adjust_creative=Uu3HbS4pg129T9EGGOQ4HQ&utm_campaign=yelp_api_v3&utm_medium=api_v3_business_search&utm_source=Uu3HbS4pg129T9EGGOQ4HQ
195,d-colombia-restaurant-englewood,"[{'alias': 'colombian', 'title': 'Colombian'}]",40.8964557,-73.9786962,(201) 731-3192,21279.947971790367,64D49BQtf4Qqs07mNoRIQA,https://s3-media2.fl.yelpcdn.com/bphoto/LHCV_1BJq17NxJT6miydkg/o.jpg,False,99 W Palisade Ave,,,Englewood,US,"['99 W Palisade Ave', 'Englewood, NJ 07631']",NJ,07631,D'Colombia Restaurant,+12017313192,$$,4.0,19,['restaurant_reservation'],https://www.yelp.com/biz/d-colombia-restaurant-englewood?adjust_creative=Uu3HbS4pg129T9EGGOQ4HQ&utm_campaign=yelp_api_v3&utm_medium=api_v3_business_search&utm_source=Uu3HbS4pg129T9EGGOQ4HQ
